November 13, 2021, 10:52:44 AM
Zed Chino Calleja_CORP(HR).jpg -> calleja_zed chino.jpg 
Ysmael Baysa_CORP(FIN).JPG -> baysa_ysmael.JPG 
Winston Wenceslao_CORP(EO).JPG -> wenceslao_winston.JPG 
Winnie Magdangan_CORP(Executive Secretary).JPG -> magdangan_winnie.JPG 
William Tan Untiong_CORP(Real Estate).JPG -> tan untiong_william.JPG 
Vladimir Rejano_CORP(Real Estate).JPG -> rejano_vladimir.JPG 
Vina Vanessa Bertiz_CORP(HR).jpg -> bertiz_vina vanessa.jpg 
Veronica Cestina_CORP(HR).JPG -> cestina_veronica.JPG 
Vera Marie Bautista King_CORP(Corporate Legal).JPG -> bautista king_vera marie.JPG 
Valerie Amante_CORP(Corporate Legal).jpg -> amante_valerie.jpg 
Tee Jay Sumawang_CORP(International Business).jpg -> sumawang_tee jay.jpg 
Soledad Guevarra_CORP(FIN).JPG -> guevarra_soledad.JPG 
Sigourney Samblingo_CORP(Puchasing).JPG -> samblingo_sigourney.JPG 
Sheryl Giberson_CORP(HR).jpg -> giberson_sheryl.jpg 
Sheryl Anne Molera_CORP(CL).JPG -> molera_sheryl anne.JPG 
Sheena Mae Anduyon_CORP(CL).jpg -> anduyon_sheena mae.jpg 
Sharlene Karesse Santiago_CORP(Purchasing).JPG -> santiago_sharlene karesse.JPG 
Selina De Leon_CORP(Purchasing).JPG -> de leon_selina.JPG 
Schuyler Hugo Lu_CORP(Purchasing).jpg -> lu_schuyler hugo.jpg 
Sarah Jane Rodriguez_CORP(Foreign Franchise).jpg -> rodriguez_sarah jane.jpg 
Samantha Jane Allen_CORP(Digital Commerce).jpg -> allen_samantha jane.jpg 
Salmae Jane Sianson_CORP(CA).JPG -> sianson_salmae jane.JPG 
Ruth Chrissa Magat_CORP(Corporate Legal).JPG -> magat_ruth chrissa.JPG 
Ruth Angeles_CORP(Corp HR).jpg -> angeles_ruth.jpg 
Rustan Paulo Baltazar_CORP(CBG FIN).jpg -> baltazar_rustan paulo.jpg 
Rowena Mayuga_CORP(Global Finance).JPG -> mayuga_rowena.JPG 
Rowel  Vijandre_CORP(EO).jpg -> vijandre_rowel.jpg 
Rosita Gaudia_CORP(Corporate Affairs).png -> gaudia_rosita.png 
Rose Anne Salvatierra_CORP(FIN).JPG -> salvatierra_rose anne.JPG 
Rosalie Natalio_CORP(CA).JPG -> natalio_rosalie.JPG 
Ronel Nape_CORP(Internal Operation).jpg -> nape_ronel.jpg 
Rona Rufino_CORP(R&D).jpg -> rufino_rona.jpg 
Ron Christopher Reyes_CORP(HR).JPG -> reyes_ron christopher.JPG 
Romulo Comia_CORP(CA).JPG -> comia_romulo.JPG 
Romeo Rivera_CORP(HR).jpg -> rivera_romeo.jpg 
Romeo Policar_CORP(Corporate Affaircs).JPG -> policar_romeo.JPG 
Rolando Tuazon_CORP(CBG R&D).JPG -> tuazon_rolando.JPG 
Rolando Caligagan_CORP(Purchasing).JPG -> caligagan_rolando.JPG 
Rodel Alcantara_CORP(EMEAA).jpg -> alcantara_rodel.jpg 
Rocky Mendoza_CORP(CBG R&D).JPG -> mendoza_rocky.JPG 
Rochelle Jehanne Mae Bonita_CORP(Management Associate).JPG -> bonita_rochelle jehanne mae.JPG 
Rochelle Anne Guisando_CORP(CA).JPG -> guisando_rochelle anne.JPG 
Robyn Alyssa Chavez_CORP(HR).jpg -> chavez_robyn alyssa.jpg 
Rizza Mei Alapar_CORP(International Audit).JPG -> alapar_rizza mei.JPG 
Ridel Villaruel_CORP(Purchasing).JPG -> villaruel_ridel.JPG 
Rhodora Vizconde_CORP(HR).jpg -> vizconde_rhodora.jpg 
Rhea Santos_CORP(EO).jpg -> santos_rhea.jpg 
Rechelle Quinio_CORP(FIN).jpg -> quinio_rechelle.jpg 
Ramil Reyes_CORP(Digital Commerce).jpg -> reyes_ramil.jpg 
Pia Maristel Coronado_CORP(Purchasing).jpg -> coronado_pia maristel.jpg 
Peter Paul Paras_CORP(FIN).jpg -> paras_peter paul.jpg 
Pauline Tiffany Lao_CORP(MKTG).jpg -> lao_pauline tiffany.jpg 
Paul John Borromeo_CORP(Digital Commerce).jpg -> borromeo_paul john.jpg 
Patricia Melissa Abaquita_CORP(MKTG).jpg -> abaquita_patricia melissa.jpg 
Patricia Bianca Bermio_CORP(Purchasing).jpg -> bermio_patricia bianca.jpg 
Patricia Bernice Tan_CORP(Purchasing).JPG -> tan_patricia bernice.JPG 
Pamela Bernardo_CORP(HR).jpg -> bernardo_pamela.jpg 
Oliver Leal_JB Corp(CBG R&D).JPG -> leal_oliver.JPG 
Normita Gertes_CORP(FIN).JPG -> gertes_normita.JPG 
Noriel Andrade_CORP(Digital Technology).jpg -> andrade_noriel.jpg 
Nonicar Tungol_CORP(FIN).JPG -> tungol_nonicar.JPG 
Nina Ricci Sogue_CORP(HR).jpg -> sogue_nina ricci.jpg 
Nicole Marie Monsod_CORP(HR).JPG -> monsod_nicole marie.JPG 
Neshren Mayorga_CORP(EMEAA).JPG -> mayorga_neshren.JPG 
Nelson John Alcantara_CORP(Corporate Affairs).jpg -> alcantara_nelson john.jpg 
Neil Orven Esteban_CORP(Total Rewards).jpg -> esteban_neil orven.jpg 
Myla Lopez_CORP(Purchasing).JPG -> lopez_myla.JPG 
Monique Guevara_CORP(EMEAA).JPG -> guevara_monique.JPG 
Monica Angel Kuizon_CORP(Business Analytics).jpg -> kuizon_monica angel.jpg 
Miguel Francisco Alapan_CORP(Concept Designer).JPG -> alapan_miguel francisco.JPG 
Michelle Tan_CORP(FIN).JPG -> tan_michelle.JPG 
Michelle Nocom_CORP(HR).jpg -> nocom_michelle.jpg 
Michelle Aubrey Sy_CORP(Management Associate).JPG -> sy_michelle aubrey.JPG 
Michelle Anne Alicante_CORP(Purchasing).jpg -> alicante_michelle anne.jpg 
Merilee Lorraine Lota_CORP(CBG FIN).JPG -> lota_merilee lorraine.JPG 
Meliza Mora_CORP(EO).JPG -> mora_meliza.JPG 
Melissa Villanueva_CORP(HR).jpg -> villanueva_melissa.jpg 
Mary Rose Aquino_CORP(Digital Commerce).JPG -> aquino_mary rose.JPG 
Mary Gladys Yumang_CORP(MKTG).JPG -> yumang_mary gladys.JPG 
Mary Francis Badillo_CORP(Puchasing).JPG -> badillo_mary francis.JPG 
Mary Denelle Mariano_CORP(CBG FIN).JPG -> mariano_mary denelle.JPG 
Mary Anne Lim_CORP(HR).JPG -> lim_mary anne.JPG 
Mary Anne Janette Delfin_CORP(Purchasing).png -> delfin_mary anne janette.png 
Mary Abigail Contreras_CORP(Purchasing).jpg -> contreras_mary abigail.jpg 
Marvin Omar El-Asaad_CORP(Corporate Affairs).jpg -> el-asaad_marvin omar.jpg 
Marlyn Roleda_CORP(HR).jpg -> roleda_marlyn.jpg 
Mark San Joaquin_CORP(EO).JPG -> san joaquin_mark.JPG 
Mark Benjie Bagaoisan_CORP(International Audit).JPG -> bagaoisan_mark benjie.JPG 
Mark Anthony Maines_CORP(Global Finance).png -> maines_mark anthony.png 
Mariz Lorraine Arabit_CORP(CL).JPG -> arabit_mariz.JPG 
Marites Lacuna_CORP(EO).jpg -> lacuna_marites.jpg 
Marita Carandang_JB Corp(CBG R&D).jpg -> carandang_marita.jpg 
Maripi Buenviaje_CORP(HR).JPG -> buenviaje_maripi.JPG 
Marily Mojar_CORP(MKTG).JPG -> mojar_marily.JPG 
Marilou Sibayan_CORP(FIN).jpg -> sibayan_marilou.jpg 
Marie Anjanette Roxas_CORP(Purchasing).jpg -> roxas_marie anjanette.jpg 
Marie Andrea Tuason_CORP(EMEAA).JPG -> tuason_marie andrea.JPG 
Maricris Enriquez_CORP(EO).jpg -> enriquez_maricris.jpg 
Maricar Unias_CORP(Corporate Affairs).jpg -> unias_maricar.jpg 
Marianne Ross Lagman_CORP(Purchasing).jpg -> lagman_marianne ross.jpg 
Marian Alysa Trespeses_CORP(Purchasing).JPG -> trespeses_marian alysa.JPG 
Maria Theresa Del Rosario_CORP(HR).JPG -> del rosario_maria theresa.JPG 
Maria Rochie Luchico_CORP(HR).jpg -> luchico_maria rochie.jpg 
Maria Rita Salle(R&D).JPG -> salle_maria rita.JPG 
Maria Katrina Manlulu_CORP(R&D).jpg -> manlulu_maria katrina.jpg 
Maria Eloisa Jacinto_CORP(HR).JPG -> jacinto_maria eloisa.JPG 
Maria Elise Veloso_CORP(MKTG).jpg -> veloso_maria elise.jpg 
Maria Consuelo Santos_CORP(EO).jpg -> santos_maria consuelo.jpg 
Maria Christina Sumanga_CORP(FIN).JPG -> sumanga_maria christina.JPG 
Maria Carolina Beni Dy_CORP(Digital Technology).jpg -> beni dy_maria carolina.jpg 
Margot Paguio_CORP(R&D).jpg -> paguio_margot.jpg 
Margarita Santos_CORP(Internal Audit).jpg -> santos_margarita.jpg 
Marcos Salvador Recto_CORP(EO).jpg -> recto_marcos salvador.jpg 
Madelaine Tan_CORP(FIN).jpg -> tan_madelaine.jpg 
Ma. Josefa Jean Lanuza_CORP(CA).jpg -> lanuza_ma. josefa jean.jpg 
Ma. Glenda Concepcion_CORP(R&D).jpg -> concepcion_ma. glenda.jpg 
Ma. Celeste Landicho_CORP(HR).jpg -> landicho_ma. celeste.jpg 
Ma. Cecilia Trillanes_CORP(FIN).jpg -> trillanes_ma. cecilia.jpg 
Ma. Amsther Tangco_CORP(HR).JPG -> tangco_ma. amsther.JPG 
Lyka Pamela Buza_CORP(Internal Audit).jpg -> buza_lyka pamela.jpg 
Luis Velasco lll_CORP(MKTG).JPG -> velasco lll_luis.JPG 
Lourdes Richmond_CORP(Business Group).JPG -> richmond_lourdes.JPG 
Lorna Atun_CORP(CA).JPG -> atun_lorna.JPG 
Lorelie Tuares_CORP(Global Finance).jpg -> tuares_lorelie.jpg 
Lilac Patti Bataller_CORP(Puchasing).JPG -> bataller_lilac patti.JPG 
Liezl Atole_CORP(Corporate Affairs).JPG -> atole_liezl.JPG 
Lester Felixon Molina_CORP(FIN).jpg -> molina_lester felixon.jpg 
Leonardo Regner_CORP(CBG R&D).jpg -> regner_leonardo.jpg 
Leizl Bio_CORP(HR).JPG -> bio_leizl.JPG 
Leila Acosta_CORP(EO).JPG -> acosta_leila.JPG 
Leah Mae Tagamolila_CORP(CBG R&D).jpg -> tagamolila_leah mae.jpg 
Lazaro Enriquez_CORP(CBG R&D).JPG -> enriquez_lazaro.JPG 
Lara Carmella Lacap_CORP(MKTG).JPG -> lacap_lara carmella.JPG 
Kristyl Joy Gamboa_CORP(Purchasing).JPG -> gamboa_kristyl joy.JPG 
Katrina De Jesus_CORP(CBG R&D).jpg -> de jesus_katrina.jpg 
Kathy Lhyn Que_CORP(FIN).JPG -> que_kathy lhyn.JPG 
Kathleen Yoradyl Reolalas_CORP(Corporate Affairs).jpg -> reolalas_kathleen yoradyl.jpg 
Katherine Pasumbal_CORP(MKTG).jpg -> pasumbal_katherine.jpg 
Katherine Ahmed_CORP(EO).JPG -> ahmed_katherine.JPG 
Karmina Alejandro_CORP(MKTG).JPG -> alejandro_karmina.JPG 
Karia Rosalyne Zamudio_CORP(HR).JPG -> zamudio_karia rosalyne.JPG 
Justo III Alano_CORP(Foreign Franchise).jpg -> alano_justo iii.jpg 
Julie Fe Del Rosario_CORP(FIN).JPG -> del rosario_julie fe.JPG 
Julie Anne Medina_CORP(FIN).JPG -> medina_julie anne.JPG 
Juanito Tan_CORP(FIN).JPG -> tan_juanito.JPG 
Josielinda Pineda_CORP(Business Technology).JPG -> pineda_josielinda.JPG 
Josephine Esmundo_CORP(HR).jpg -> esmundo_josephine.jpg 
Joseph Tanbuntiong_CORP(EO).jpg -> tanbuntiong_joseph.jpg 
Jose Repalda_CORP(International Operation).JPG -> repalda_jose.JPG 
Jose Amado Dominguez_CORP(EO).jpg -> dominguez_jose amado.jpg 
Jose Alexander Subido_CORP(EO).jpg -> subido_jose alexander.jpg 
Joliza Janelle Salgado_CORP(Corporate Legal).jpg -> salgado_joliza janelle.jpg 
John Kevin Asiones_CORP(CA).jpg -> asiones_john kevin.jpg 
John Irvin Bautista_CORP(Purchasing).png -> bautista_john irvin.png 
Johannes Christian Santos_CORP(Digital Technology).jpg -> santos_johannes christian.jpg 
Jocelyn Rubia_CORP(EO).JPG -> rubia_jocelyn.JPG 
Joaquin Maria Camus_CORP(Puchasing).JPG -> camus_joaquin maria.JPG 
Joan Joy Cristobal_CORP(Corporate Affairs).png -> cristobal_joan joy.png 
Jo Anne Tan_CORP(MKTG).JPG -> tan_jo anne.JPG 
Jmabelard Gustilo_CORP(FIN).jpg -> gustilo_jmabelard.jpg 
Jesus Ned Bandojo_CORP(Business Foreign).jpg -> bandojo_jesus ned.jpg 
Jessamyn Co_CORP(EO).jpg -> co_jessamyn.jpg 
Jerry Tan_CORP(FIN).jpg -> tan_jerry.jpg 
Jerome Pinugu_CORP(FIN).JPG -> pinugu_jerome.JPG 
Jerome Jaucian_CORP(FIN).jpg -> jaucian_jerome.jpg 
Jeragynn Paras_CORP(Puchasing).jpg -> paras_jeragynn.jpg 
Jennelle Noblezada_CORP(MKTG).JPG -> noblezada_jennelle.JPG 
Jeffrey Ando_JB Corp(CBG R&D).JPG -> ando_jeffrey.JPG 
Jefferson Ranin_CORP(HR).jpg -> ranin_jefferson.jpg 
Jed Venedict Granale_CORP(CA).JPG -> granale_jed venedict.JPG 
Jeanelyn Lafuente_CORP(FIN).jpg -> lafuente_jeanelyn.jpg 
Jazel Mendoza_CORP(HR).jpg -> mendoza_jazel.jpg 
Jaslyn Monique Viray_CORP(HR).JPG -> viray_jaslyn monique.JPG 
Janice Felix_CORP(Digital Commerce).jpg -> felix_janice.jpg 
Jan Keith Jaranilla_CORP(FIN).jpg -> jaranilla_jan keith.jpg 
Jadice Lim_CORP(Purchasing).png -> lim_jadice.png 
Isadora Supetran_CORP(CBG R&D).jpg -> supetran_isadora.jpg 
Hosanna Joy Abesamis_CORP(Purchasing).JPG -> abesamis_hosanna joy.JPG 
Helen Santos ll_CORP(CA).jpg -> santos ll_helen.jpg 
Hazel Myka Lim_CORP(HR).jpg -> lim_hazel myka.jpg 
Hannah Roxas_CORP(Puchasing).jpg -> roxas_hannah.jpg 
Gretchen Louise Bautista_CORP(R&D).jpg -> bautista_gretchen louise.jpg 
Glenn Mendoza_CORP(Digital Commerce).jpeg -> mendoza_glenn.jpeg 
Glenn Mark Silva_CORP(CBG R&D).JPG -> silva_glenn mark.JPG 
Gillian Mark Palena_CORP(Management Associate).JPG -> palena_gillian mark.JPG 
Gilbert Raymond Villas_CORP(FIN).jpg -> villas_gilbert raymond.jpg 
Geraldyn Mantillo_CORP(Internal Audit).jpg -> mantillo_geraldyn.jpg 
Genevieve Benedicto_CORP(EO).JPG -> benedicto_genevieve.JPG 
Genesis Faith Calderon_CORP(Purchasing).jpg -> calderon_genesis faith.jpg 
Frederick Omalza_CORP(HR).jpg -> omalza_frederick.jpg 
Francis William Lopez_CORP(Purchasing).jpg -> lopez_francis william.jpg 
Francis Aldwin Flores_CORP(MKTG).jpg -> flores_francis aldwin.jpg 
Frances Mara Amaya_CORP(CA).JPG -> amaya_frances mara.JPG 
Evelyn Panuelos_CORP(FIN).JPG -> panuelos_evelyn.JPG 
Ernesto Tanmantiong_CORP(EO).jpg -> tanmantiong_ernesto.jpg 
Ernani Barrientos_CORP(MKTG).JPG -> barrientos_ernani.JPG 
Eriel Cortez_JB Corp(EO).jpg -> cortez_eriel.jpg 
Emmylou Aguirre_CORP(HR).JPG -> aguirre_emmylou.JPG 
Emmanuel Umali_CORP(Foreign Franchise).jpg -> umali_emmanuel.jpg 
Emmalyn Camille Eusuya_CORP(CA).JPG -> eusuya_emmalyn camille.JPG 
Emil Jon Buentipo_CORP(International Audit).JPG -> buentipo_emil jon.JPG 
Emeline Marie Bobiles_CORP(CBG R&D).JPG -> bobiles_emeline marie.JPG 
Elthia May Baltonado_CORP(Corporate Affairs).jpg -> baltonado_elthia may.jpg 
Ellen Camero_CORP(Global Finance).jpg -> camero_ellen.jpg 
Eleonor Rafol(Foreign Franchise).jpg -> rafol_eleonor.jpg 
Elaine Brodeth_CORP(FIN).JPG -> brodeth_elaine.JPG 
Edward Arandia_CORP(MKTG).JPG -> arandia_edward.JPG 
Edray Encinas_CORP(Digital Commerce).JPG -> encinas_edray.JPG 
Editha Comoda_CORP(Internal Operation).JPG -> comoda_editha.JPG 
Edison Lacea_CORP(HR).jpg -> lacea_edison.jpg 
Don Alexander Lim_CORP(EO).JPG -> lim_don alexander.JPG 
Dominic Rowell Reyes(MKTG).jpg -> reyes_dominic rowell.jpg 
Diomedes Casipit_CORP(CBG R&D).JPG -> casipit_diomedes.JPG 
Dianne Camille Montes_CORP(International Audit).JPG -> montes_dianne camille.JPG 
Dennis Lacandula_CORP(FIN).JPG -> lacandula_dennis.JPG 
Dennis Flores_CORP(International Business).jpg -> flores_dennis.jpg 
Denise Sarmiento_CORP(Corporate Media).JPG -> sarmiento_denise.JPG 
Darlene Caballes_CORP(FIN).JPG -> caballes_darlene.JPG 
Danielle Aragon_CORP(FIN).jpg -> aragon_danielle.jpg 
Daniel Jan Bolibol_CORP(CA).jpg -> bolibol_daniel jan.jpg 
Crystal Kc Abril_CORP(Purchasing).JPG -> abril_crystal kc.JPG 
Cristopher Marion Ebero_CORP(CA).jpg -> ebero_cristopher marion.jpg 
Corazon Palomar_CORP(FIN).jpg -> palomar_corazon.jpg 
Clinton Ching_CORP(Puchasing).jpg -> ching_clinton.jpg 
Clea Jean Roa_JB SBU(CBG R&D).JPG -> roa_clea jean.JPG 
Clarita Tan_CORP(FIN).JPG -> tan_clarita.JPG 
Chynna Louise Ramos__CORP(HR).JPG -> ramos_chynna louise.JPG 
Christopher Edward Puen_CORP(HR).JPG -> puen_christopher edward.JPG 
Christine Yusoo_CORP(CBG R&D).jpg -> yusoo_christine.jpg 
Christian Vince Angulo_CORP(Corporate Affairs).jpg -> angulo_christian vince.jpg 
Christian Napicol_CORP(CBG R&D).JPG -> napicol_christian.JPG 
Christian Banaria_CORP(R&D).jpg -> banaria_christian.jpg 
Cho Sit Ang_CORP(EO).JPG -> ang_cho sit.JPG 
Cheryllgrace Miranda_CORP(FIN).JPG -> miranda_cheryllgrace.JPG 
Charmagne Dela Cruz_CORP(FIN).JPG -> dela cruz_charmagne.JPG 
Charlene Anne Bautista_CORP(Digital Commerce).jpg -> bautista_charlene anne.jpg 
Cathleen June Kim_CORP(HR).JPG -> kim_cathleen june.JPG 
Catherine Estiaga_JB Corp(CBG R&D).JPG -> estiaga_catherine.JPG 
Carlo Marx Joson_CORP(Puchasing).jpg -> joson_carlo marx.jpg 
Carla Angeline Dela Cruz_CORP(Corporate Affairs).png -> dela cruz_carla angeline.png 
Carl Rudolph Caramto_CORP(CA).JPG -> caramto_carl rudolph.JPG 
Carl Brian Tancaktiong_CORP(EO).JPG -> tancaktiong_carl brian.JPG 
Camille Rae Cadiz_CORP(Corporate Affairs).JPG -> cadiz_camille rae.JPG 
Bryan Marc Tividad_CORP(Purchasing).jpg -> tividad_bryan marc.jpg 
Bianca May Rufo_CORP(Foreign Franchise).jpg -> rufo_bianca may.jpg 
Bernard Pating_CORP(HR).jpg -> pating_bernard.jpg 
Azucena King_CORP(FIN).JPG -> king_azucena.JPG 
Aynaranda Salazar_CORP(Puchasing).JPG -> salazar_aynaranda.JPG 
Athena Jhemagne Barredo_CORP(HR).jpg -> barredo_athena jhemagne.jpg 
Arturo Reyes_CORP(EO).jpg -> reyes_arturo.jpg 
Arsenio Sabado_CORP(HR).JPG -> sabado_arsenio.JPG 
Arnold Limin_CORP(FIN).JPG -> limin_arnold.JPG 
Arnel Guantes_CORP(R&D).jpg -> guantes_arnel.jpg 
Aries Marco Hizon_CORP(R&D).JPG -> hizon_aries marco.JPG 
Anthony Jonathan Mindanao_JB Corp(EO).jpg -> mindanao_anthony jonathan.jpg 
Annabelle Narciso_CORP(EO).jpg -> narciso_annabelle.jpg 
Anna Liza Prado_CORP(Corp HR).JPG -> prado_anna liza.JPG 
Ann Michelle Punongbayan_CORP(FIN).JPG -> punongbayan_ann michelle.JPG 
Angeline Mary Miraflor_CORP(HR).JPG -> miraflor_angeline mary.JPG 
Angeline Chong_CORP(Corporate Legal).jpg -> chong_angeline.jpg 
Angela Victoria Renelee Manuel_CORP(HR).jpg -> manuel_angela victoria renelee.jpg 
Andrea Vinta_CORP(Corporate Legal).JPG -> vinta_andrea.JPG 
Anastacia Masancay_COPR(CA).JPG -> masancay_anastacia.JPG 
Analyn Grace Torrijos_CORP(HR).JPG -> torrijos_analyn grace.JPG 
Anajean Eroles_CORP(Digital Commerce).JPG -> eroles_anajean.JPG 
Anabelle Gosioco_CORP(HR).jpg -> gosioco_anabelle.jpg 
Ana Marie Lomboy_CORP(FIN).jpg -> lomboy_ana marie.jpg 
Ana Isabel Castelo_CORP(Corporate Legal).JPG -> castelo_ana isabel.JPG 
Amelita Salvador_CORP(Purchasing).JPG -> salvador_amelita.JPG 
Amee Libertinee Ung-York_CORP(Design Center).jpg -> ung-york_amee libertinee.jpg 
Alyssa Vergara_CORP(R&D).jpg -> vergara_alyssa.jpg 
Alyssa Marie Rabino_CORP(CBG R&D).JPG -> rabino_alyssa marie.JPG 
Alyssa Mae Valdez_CORP(Puchasing).JPG -> valdez_alyssa mae.JPG 
Alyssa Mae Tanlimco_CORP(Purchasing).jpg -> tanlimco_alyssa mae.jpg 
Alyssa Camille Jiao_CORP(FIN).JPG -> jiao_alyssa camille.JPG 
Alyana Marie Tanlimco_CORP(HR).JPG -> tanlimco_alyana marie.JPG 
Allan Patrick Tan_CORP(MKTG).jpg -> tan_allan patrick.jpg 
Alexander Calinaya_CORP(CBG R&D).jpg -> calinaya_alexander.jpg 
Alec Renzo Sacidon_CORP(Management Associate).JPG -> sacidon_alec renzo.JPG 
Aldrin Angeles_CORP(HR).jpg -> angeles_aldrin.jpg 
Albert Polintan_CORP(CBG R&D).JPG -> polintan_albert.JPG 
Aileen Natividad_CORP(MKTG).jpg -> natividad_aileen.jpg 
Aidarme Pilariza_CORP(Global Finance).jpg -> pilariza_aidarme.jpg 
Adrian James Liao_CORP(MKTG).png -> liao_adrian james.png 
Abigail Villa_CORP(Purchasing).jpg -> villa_abigail.jpg 
Abegail Bernaldez_CORP(HR).JPG -> bernaldez_abegail.JPG 
November 13, 2021, 11:02:46 AM
Zed Chino Calleja_CORP(HR).jpg -> calleja_zed_chino.jpg 
Ysmael Baysa_CORP(FIN).JPG -> baysa_ysmael.JPG 
Winston Wenceslao_CORP(EO).JPG -> wenceslao_winston.JPG 
Winnie Magdangan_CORP(Executive Secretary).JPG -> magdangan_winnie.JPG 
William Tan Untiong_CORP(Real Estate).JPG -> tan untiong_william.JPG 
Vladimir Rejano_CORP(Real Estate).JPG -> rejano_vladimir.JPG 
Vina Vanessa Bertiz_CORP(HR).jpg -> bertiz_vina_vanessa.jpg 
Veronica Cestina_CORP(HR).JPG -> cestina_veronica.JPG 
Vera Marie Bautista King_CORP(Corporate Legal).JPG -> bautista king_vera_marie.JPG 
Valerie Amante_CORP(Corporate Legal).jpg -> amante_valerie.jpg 
Tee Jay Sumawang_CORP(International Business).jpg -> sumawang_tee_jay.jpg 
Soledad Guevarra_CORP(FIN).JPG -> guevarra_soledad.JPG 
Sigourney Samblingo_CORP(Puchasing).JPG -> samblingo_sigourney.JPG 
Sheryl Giberson_CORP(HR).jpg -> giberson_sheryl.jpg 
Sheryl Anne Molera_CORP(CL).JPG -> molera_sheryl_anne.JPG 
Sheena Mae Anduyon_CORP(CL).jpg -> anduyon_sheena_mae.jpg 
Sharlene Karesse Santiago_CORP(Purchasing).JPG -> santiago_sharlene_karesse.JPG 
Selina De Leon_CORP(Purchasing).JPG -> de leon_selina.JPG 
Schuyler Hugo Lu_CORP(Purchasing).jpg -> lu_schuyler_hugo.jpg 
Sarah Jane Rodriguez_CORP(Foreign Franchise).jpg -> rodriguez_sarah_jane.jpg 
Samantha Jane Allen_CORP(Digital Commerce).jpg -> allen_samantha_jane.jpg 
Salmae Jane Sianson_CORP(CA).JPG -> sianson_salmae_jane.JPG 
Ruth Chrissa Magat_CORP(Corporate Legal).JPG -> magat_ruth_chrissa.JPG 
Ruth Angeles_CORP(Corp HR).jpg -> angeles_ruth.jpg 
Rustan Paulo Baltazar_CORP(CBG FIN).jpg -> baltazar_rustan_paulo.jpg 
Rowena Mayuga_CORP(Global Finance).JPG -> mayuga_rowena.JPG 
Rowel  Vijandre_CORP(EO).jpg -> vijandre_rowel.jpg 
Rosita Gaudia_CORP(Corporate Affairs).png -> gaudia_rosita.png 
Rose Anne Salvatierra_CORP(FIN).JPG -> salvatierra_rose_anne.JPG 
Rosalie Natalio_CORP(CA).JPG -> natalio_rosalie.JPG 
Ronel Nape_CORP(Internal Operation).jpg -> nape_ronel.jpg 
Rona Rufino_CORP(R&D).jpg -> rufino_rona.jpg 
Ron Christopher Reyes_CORP(HR).JPG -> reyes_ron_christopher.JPG 
Romulo Comia_CORP(CA).JPG -> comia_romulo.JPG 
Romeo Rivera_CORP(HR).jpg -> rivera_romeo.jpg 
Romeo Policar_CORP(Corporate Affaircs).JPG -> policar_romeo.JPG 
Rolando Tuazon_CORP(CBG R&D).JPG -> tuazon_rolando.JPG 
Rolando Caligagan_CORP(Purchasing).JPG -> caligagan_rolando.JPG 
Rodel Alcantara_CORP(EMEAA).jpg -> alcantara_rodel.jpg 
Rocky Mendoza_CORP(CBG R&D).JPG -> mendoza_rocky.JPG 
Rochelle Jehanne Mae Bonita_CORP(Management Associate).JPG -> bonita_rochelle_jehanne_mae.JPG 
Rochelle Anne Guisando_CORP(CA).JPG -> guisando_rochelle_anne.JPG 
Robyn Alyssa Chavez_CORP(HR).jpg -> chavez_robyn_alyssa.jpg 
Rizza Mei Alapar_CORP(International Audit).JPG -> alapar_rizza_mei.JPG 
Ridel Villaruel_CORP(Purchasing).JPG -> villaruel_ridel.JPG 
Rhodora Vizconde_CORP(HR).jpg -> vizconde_rhodora.jpg 
Rhea Santos_CORP(EO).jpg -> santos_rhea.jpg 
Rechelle Quinio_CORP(FIN).jpg -> quinio_rechelle.jpg 
Ramil Reyes_CORP(Digital Commerce).jpg -> reyes_ramil.jpg 
Pia Maristel Coronado_CORP(Purchasing).jpg -> coronado_pia_maristel.jpg 
Peter Paul Paras_CORP(FIN).jpg -> paras_peter_paul.jpg 
Pauline Tiffany Lao_CORP(MKTG).jpg -> lao_pauline_tiffany.jpg 
Paul John Borromeo_CORP(Digital Commerce).jpg -> borromeo_paul_john.jpg 
Patricia Melissa Abaquita_CORP(MKTG).jpg -> abaquita_patricia_melissa.jpg 
Patricia Bianca Bermio_CORP(Purchasing).jpg -> bermio_patricia_bianca.jpg 
Patricia Bernice Tan_CORP(Purchasing).JPG -> tan_patricia_bernice.JPG 
Pamela Bernardo_CORP(HR).jpg -> bernardo_pamela.jpg 
Oliver Leal_JB Corp(CBG R&D).JPG -> leal_oliver.JPG 
Normita Gertes_CORP(FIN).JPG -> gertes_normita.JPG 
Noriel Andrade_CORP(Digital Technology).jpg -> andrade_noriel.jpg 
Nonicar Tungol_CORP(FIN).JPG -> tungol_nonicar.JPG 
Nina Ricci Sogue_CORP(HR).jpg -> sogue_nina_ricci.jpg 
Nicole Marie Monsod_CORP(HR).JPG -> monsod_nicole_marie.JPG 
Neshren Mayorga_CORP(EMEAA).JPG -> mayorga_neshren.JPG 
Nelson John Alcantara_CORP(Corporate Affairs).jpg -> alcantara_nelson_john.jpg 
Neil Orven Esteban_CORP(Total Rewards).jpg -> esteban_neil_orven.jpg 
Myla Lopez_CORP(Purchasing).JPG -> lopez_myla.JPG 
Monique Guevara_CORP(EMEAA).JPG -> guevara_monique.JPG 
Monica Angel Kuizon_CORP(Business Analytics).jpg -> kuizon_monica_angel.jpg 
Miguel Francisco Alapan_CORP(Concept Designer).JPG -> alapan_miguel_francisco.JPG 
Michelle Tan_CORP(FIN).JPG -> tan_michelle.JPG 
Michelle Nocom_CORP(HR).jpg -> nocom_michelle.jpg 
Michelle Aubrey Sy_CORP(Management Associate).JPG -> sy_michelle_aubrey.JPG 
Michelle Anne Alicante_CORP(Purchasing).jpg -> alicante_michelle_anne.jpg 
Merilee Lorraine Lota_CORP(CBG FIN).JPG -> lota_merilee_lorraine.JPG 
Meliza Mora_CORP(EO).JPG -> mora_meliza.JPG 
Melissa Villanueva_CORP(HR).jpg -> villanueva_melissa.jpg 
Mary Rose Aquino_CORP(Digital Commerce).JPG -> aquino_mary_rose.JPG 
Mary Gladys Yumang_CORP(MKTG).JPG -> yumang_mary_gladys.JPG 
Mary Francis Badillo_CORP(Puchasing).JPG -> badillo_mary_francis.JPG 
Mary Denelle Mariano_CORP(CBG FIN).JPG -> mariano_mary_denelle.JPG 
Mary Anne Lim_CORP(HR).JPG -> lim_mary_anne.JPG 
Mary Anne Janette Delfin_CORP(Purchasing).png -> delfin_mary_anne_janette.png 
Mary Abigail Contreras_CORP(Purchasing).jpg -> contreras_mary_abigail.jpg 
Marvin Omar El-Asaad_CORP(Corporate Affairs).jpg -> el-asaad_marvin_omar.jpg 
Marlyn Roleda_CORP(HR).jpg -> roleda_marlyn.jpg 
Mark San Joaquin_CORP(EO).JPG -> san joaquin_mark.JPG 
Mark Benjie Bagaoisan_CORP(International Audit).JPG -> bagaoisan_mark_benjie.JPG 
Mark Anthony Maines_CORP(Global Finance).png -> maines_mark_anthony.png 
Mariz Lorraine Arabit_CORP(CL).JPG -> arabit_mariz.JPG 
Marites Lacuna_CORP(EO).jpg -> lacuna_marites.jpg 
Marita Carandang_JB Corp(CBG R&D).jpg -> carandang_marita.jpg 
Maripi Buenviaje_CORP(HR).JPG -> buenviaje_maripi.JPG 
Marily Mojar_CORP(MKTG).JPG -> mojar_marily.JPG 
Marilou Sibayan_CORP(FIN).jpg -> sibayan_marilou.jpg 
Marie Anjanette Roxas_CORP(Purchasing).jpg -> roxas_marie_anjanette.jpg 
Marie Andrea Tuason_CORP(EMEAA).JPG -> tuason_marie_andrea.JPG 
Maricris Enriquez_CORP(EO).jpg -> enriquez_maricris.jpg 
Maricar Unias_CORP(Corporate Affairs).jpg -> unias_maricar.jpg 
Marianne Ross Lagman_CORP(Purchasing).jpg -> lagman_marianne_ross.jpg 
Marian Alysa Trespeses_CORP(Purchasing).JPG -> trespeses_marian_alysa.JPG 
Maria Theresa Del Rosario_CORP(HR).JPG -> del rosario_maria_theresa.JPG 
Maria Rochie Luchico_CORP(HR).jpg -> luchico_maria_rochie.jpg 
Maria Rita Salle(R&D).JPG -> salle_maria_rita.JPG 
Maria Katrina Manlulu_CORP(R&D).jpg -> manlulu_maria_katrina.jpg 
Maria Eloisa Jacinto_CORP(HR).JPG -> jacinto_maria_eloisa.JPG 
Maria Elise Veloso_CORP(MKTG).jpg -> veloso_maria_elise.jpg 
Maria Consuelo Santos_CORP(EO).jpg -> santos_maria_consuelo.jpg 
Maria Christina Sumanga_CORP(FIN).JPG -> sumanga_maria_christina.JPG 
Maria Carolina Beni Dy_CORP(Digital Technology).jpg -> beni dy_maria_carolina.jpg 
Margot Paguio_CORP(R&D).jpg -> paguio_margot.jpg 
Margarita Santos_CORP(Internal Audit).jpg -> santos_margarita.jpg 
Marcos Salvador Recto_CORP(EO).jpg -> recto_marcos_salvador.jpg 
Madelaine Tan_CORP(FIN).jpg -> tan_madelaine.jpg 
Ma. Josefa Jean Lanuza_CORP(CA).jpg -> lanuza_ma._josefa_jean.jpg 
Ma. Glenda Concepcion_CORP(R&D).jpg -> concepcion_ma._glenda.jpg 
Ma. Celeste Landicho_CORP(HR).jpg -> landicho_ma._celeste.jpg 
Ma. Cecilia Trillanes_CORP(FIN).jpg -> trillanes_ma._cecilia.jpg 
Ma. Amsther Tangco_CORP(HR).JPG -> tangco_ma._amsther.JPG 
Lyka Pamela Buza_CORP(Internal Audit).jpg -> buza_lyka_pamela.jpg 
Luis Velasco lll_CORP(MKTG).JPG -> velasco lll_luis.JPG 
Lourdes Richmond_CORP(Business Group).JPG -> richmond_lourdes.JPG 
Lorna Atun_CORP(CA).JPG -> atun_lorna.JPG 
Lorelie Tuares_CORP(Global Finance).jpg -> tuares_lorelie.jpg 
Lilac Patti Bataller_CORP(Puchasing).JPG -> bataller_lilac_patti.JPG 
Liezl Atole_CORP(Corporate Affairs).JPG -> atole_liezl.JPG 
Lester Felixon Molina_CORP(FIN).jpg -> molina_lester_felixon.jpg 
Leonardo Regner_CORP(CBG R&D).jpg -> regner_leonardo.jpg 
Leizl Bio_CORP(HR).JPG -> bio_leizl.JPG 
Leila Acosta_CORP(EO).JPG -> acosta_leila.JPG 
Leah Mae Tagamolila_CORP(CBG R&D).jpg -> tagamolila_leah_mae.jpg 
Lazaro Enriquez_CORP(CBG R&D).JPG -> enriquez_lazaro.JPG 
Lara Carmella Lacap_CORP(MKTG).JPG -> lacap_lara_carmella.JPG 
Kristyl Joy Gamboa_CORP(Purchasing).JPG -> gamboa_kristyl_joy.JPG 
Katrina De Jesus_CORP(CBG R&D).jpg -> de jesus_katrina.jpg 
Kathy Lhyn Que_CORP(FIN).JPG -> que_kathy_lhyn.JPG 
Kathleen Yoradyl Reolalas_CORP(Corporate Affairs).jpg -> reolalas_kathleen_yoradyl.jpg 
Katherine Pasumbal_CORP(MKTG).jpg -> pasumbal_katherine.jpg 
Katherine Ahmed_CORP(EO).JPG -> ahmed_katherine.JPG 
Karmina Alejandro_CORP(MKTG).JPG -> alejandro_karmina.JPG 
Karia Rosalyne Zamudio_CORP(HR).JPG -> zamudio_karia_rosalyne.JPG 
Justo III Alano_CORP(Foreign Franchise).jpg -> alano_justo_iii.jpg 
Julie Fe Del Rosario_CORP(FIN).JPG -> del rosario_julie_fe.JPG 
Julie Anne Medina_CORP(FIN).JPG -> medina_julie_anne.JPG 
Juanito Tan_CORP(FIN).JPG -> tan_juanito.JPG 
Josielinda Pineda_CORP(Business Technology).JPG -> pineda_josielinda.JPG 
Josephine Esmundo_CORP(HR).jpg -> esmundo_josephine.jpg 
Joseph Tanbuntiong_CORP(EO).jpg -> tanbuntiong_joseph.jpg 
Jose Repalda_CORP(International Operation).JPG -> repalda_jose.JPG 
Jose Amado Dominguez_CORP(EO).jpg -> dominguez_jose_amado.jpg 
Jose Alexander Subido_CORP(EO).jpg -> subido_jose_alexander.jpg 
Joliza Janelle Salgado_CORP(Corporate Legal).jpg -> salgado_joliza_janelle.jpg 
John Kevin Asiones_CORP(CA).jpg -> asiones_john_kevin.jpg 
John Irvin Bautista_CORP(Purchasing).png -> bautista_john_irvin.png 
Johannes Christian Santos_CORP(Digital Technology).jpg -> santos_johannes_christian.jpg 
Jocelyn Rubia_CORP(EO).JPG -> rubia_jocelyn.JPG 
Joaquin Maria Camus_CORP(Puchasing).JPG -> camus_joaquin_maria.JPG 
Joan Joy Cristobal_CORP(Corporate Affairs).png -> cristobal_joan_joy.png 
Jo Anne Tan_CORP(MKTG).JPG -> tan_jo_anne.JPG 
Jmabelard Gustilo_CORP(FIN).jpg -> gustilo_jmabelard.jpg 
Jesus Ned Bandojo_CORP(Business Foreign).jpg -> bandojo_jesus_ned.jpg 
Jessamyn Co_CORP(EO).jpg -> co_jessamyn.jpg 
Jerry Tan_CORP(FIN).jpg -> tan_jerry.jpg 
Jerome Pinugu_CORP(FIN).JPG -> pinugu_jerome.JPG 
Jerome Jaucian_CORP(FIN).jpg -> jaucian_jerome.jpg 
Jeragynn Paras_CORP(Puchasing).jpg -> paras_jeragynn.jpg 
Jennelle Noblezada_CORP(MKTG).JPG -> noblezada_jennelle.JPG 
Jeffrey Ando_JB Corp(CBG R&D).JPG -> ando_jeffrey.JPG 
Jefferson Ranin_CORP(HR).jpg -> ranin_jefferson.jpg 
Jed Venedict Granale_CORP(CA).JPG -> granale_jed_venedict.JPG 
Jeanelyn Lafuente_CORP(FIN).jpg -> lafuente_jeanelyn.jpg 
Jazel Mendoza_CORP(HR).jpg -> mendoza_jazel.jpg 
Jaslyn Monique Viray_CORP(HR).JPG -> viray_jaslyn_monique.JPG 
Janice Felix_CORP(Digital Commerce).jpg -> felix_janice.jpg 
Jan Keith Jaranilla_CORP(FIN).jpg -> jaranilla_jan_keith.jpg 
Jadice Lim_CORP(Purchasing).png -> lim_jadice.png 
Isadora Supetran_CORP(CBG R&D).jpg -> supetran_isadora.jpg 
Hosanna Joy Abesamis_CORP(Purchasing).JPG -> abesamis_hosanna_joy.JPG 
Helen Santos ll_CORP(CA).jpg -> santos ll_helen.jpg 
Hazel Myka Lim_CORP(HR).jpg -> lim_hazel_myka.jpg 
Hannah Roxas_CORP(Puchasing).jpg -> roxas_hannah.jpg 
Gretchen Louise Bautista_CORP(R&D).jpg -> bautista_gretchen_louise.jpg 
Glenn Mendoza_CORP(Digital Commerce).jpeg -> mendoza_glenn.jpeg 
Glenn Mark Silva_CORP(CBG R&D).JPG -> silva_glenn_mark.JPG 
Gillian Mark Palena_CORP(Management Associate).JPG -> palena_gillian_mark.JPG 
Gilbert Raymond Villas_CORP(FIN).jpg -> villas_gilbert_raymond.jpg 
Geraldyn Mantillo_CORP(Internal Audit).jpg -> mantillo_geraldyn.jpg 
Genevieve Benedicto_CORP(EO).JPG -> benedicto_genevieve.JPG 
Genesis Faith Calderon_CORP(Purchasing).jpg -> calderon_genesis_faith.jpg 
Frederick Omalza_CORP(HR).jpg -> omalza_frederick.jpg 
Francis William Lopez_CORP(Purchasing).jpg -> lopez_francis_william.jpg 
Francis Aldwin Flores_CORP(MKTG).jpg -> flores_francis_aldwin.jpg 
Frances Mara Amaya_CORP(CA).JPG -> amaya_frances_mara.JPG 
Evelyn Panuelos_CORP(FIN).JPG -> panuelos_evelyn.JPG 
Ernesto Tanmantiong_CORP(EO).jpg -> tanmantiong_ernesto.jpg 
Ernani Barrientos_CORP(MKTG).JPG -> barrientos_ernani.JPG 
Eriel Cortez_JB Corp(EO).jpg -> cortez_eriel.jpg 
Emmylou Aguirre_CORP(HR).JPG -> aguirre_emmylou.JPG 
Emmanuel Umali_CORP(Foreign Franchise).jpg -> umali_emmanuel.jpg 
Emmalyn Camille Eusuya_CORP(CA).JPG -> eusuya_emmalyn_camille.JPG 
Emil Jon Buentipo_CORP(International Audit).JPG -> buentipo_emil_jon.JPG 
Emeline Marie Bobiles_CORP(CBG R&D).JPG -> bobiles_emeline_marie.JPG 
Elthia May Baltonado_CORP(Corporate Affairs).jpg -> baltonado_elthia_may.jpg 
Ellen Camero_CORP(Global Finance).jpg -> camero_ellen.jpg 
Eleonor Rafol(Foreign Franchise).jpg -> rafol_eleonor.jpg 
Elaine Brodeth_CORP(FIN).JPG -> brodeth_elaine.JPG 
Edward Arandia_CORP(MKTG).JPG -> arandia_edward.JPG 
Edray Encinas_CORP(Digital Commerce).JPG -> encinas_edray.JPG 
Editha Comoda_CORP(Internal Operation).JPG -> comoda_editha.JPG 
Edison Lacea_CORP(HR).jpg -> lacea_edison.jpg 
Don Alexander Lim_CORP(EO).JPG -> lim_don_alexander.JPG 
Dominic Rowell Reyes(MKTG).jpg -> reyes_dominic_rowell.jpg 
Diomedes Casipit_CORP(CBG R&D).JPG -> casipit_diomedes.JPG 
Dianne Camille Montes_CORP(International Audit).JPG -> montes_dianne_camille.JPG 
Dennis Lacandula_CORP(FIN).JPG -> lacandula_dennis.JPG 
Dennis Flores_CORP(International Business).jpg -> flores_dennis.jpg 
Denise Sarmiento_CORP(Corporate Media).JPG -> sarmiento_denise.JPG 
Darlene Caballes_CORP(FIN).JPG -> caballes_darlene.JPG 
Danielle Aragon_CORP(FIN).jpg -> aragon_danielle.jpg 
Daniel Jan Bolibol_CORP(CA).jpg -> bolibol_daniel_jan.jpg 
Crystal Kc Abril_CORP(Purchasing).JPG -> abril_crystal_kc.JPG 
Cristopher Marion Ebero_CORP(CA).jpg -> ebero_cristopher_marion.jpg 
Corazon Palomar_CORP(FIN).jpg -> palomar_corazon.jpg 
Clinton Ching_CORP(Puchasing).jpg -> ching_clinton.jpg 
Clea Jean Roa_JB SBU(CBG R&D).JPG -> roa_clea_jean.JPG 
Clarita Tan_CORP(FIN).JPG -> tan_clarita.JPG 
Chynna Louise Ramos__CORP(HR).JPG -> ramos_chynna_louise.JPG 
Christopher Edward Puen_CORP(HR).JPG -> puen_christopher_edward.JPG 
Christine Yusoo_CORP(CBG R&D).jpg -> yusoo_christine.jpg 
Christian Vince Angulo_CORP(Corporate Affairs).jpg -> angulo_christian_vince.jpg 
Christian Napicol_CORP(CBG R&D).JPG -> napicol_christian.JPG 
Christian Banaria_CORP(R&D).jpg -> banaria_christian.jpg 
Cho Sit Ang_CORP(EO).JPG -> ang_cho_sit.JPG 
Cheryllgrace Miranda_CORP(FIN).JPG -> miranda_cheryllgrace.JPG 
Charmagne Dela Cruz_CORP(FIN).JPG -> dela cruz_charmagne.JPG 
Charlene Anne Bautista_CORP(Digital Commerce).jpg -> bautista_charlene_anne.jpg 
Cathleen June Kim_CORP(HR).JPG -> kim_cathleen_june.JPG 
Catherine Estiaga_JB Corp(CBG R&D).JPG -> estiaga_catherine.JPG 
Carlo Marx Joson_CORP(Puchasing).jpg -> joson_carlo_marx.jpg 
Carla Angeline Dela Cruz_CORP(Corporate Affairs).png -> dela cruz_carla_angeline.png 
Carl Rudolph Caramto_CORP(CA).JPG -> caramto_carl_rudolph.JPG 
Carl Brian Tancaktiong_CORP(EO).JPG -> tancaktiong_carl_brian.JPG 
Camille Rae Cadiz_CORP(Corporate Affairs).JPG -> cadiz_camille_rae.JPG 
Bryan Marc Tividad_CORP(Purchasing).jpg -> tividad_bryan_marc.jpg 
Bianca May Rufo_CORP(Foreign Franchise).jpg -> rufo_bianca_may.jpg 
Bernard Pating_CORP(HR).jpg -> pating_bernard.jpg 
Azucena King_CORP(FIN).JPG -> king_azucena.JPG 
Aynaranda Salazar_CORP(Puchasing).JPG -> salazar_aynaranda.JPG 
Athena Jhemagne Barredo_CORP(HR).jpg -> barredo_athena_jhemagne.jpg 
Arturo Reyes_CORP(EO).jpg -> reyes_arturo.jpg 
Arsenio Sabado_CORP(HR).JPG -> sabado_arsenio.JPG 
Arnold Limin_CORP(FIN).JPG -> limin_arnold.JPG 
Arnel Guantes_CORP(R&D).jpg -> guantes_arnel.jpg 
Aries Marco Hizon_CORP(R&D).JPG -> hizon_aries_marco.JPG 
Anthony Jonathan Mindanao_JB Corp(EO).jpg -> mindanao_anthony_jonathan.jpg 
Annabelle Narciso_CORP(EO).jpg -> narciso_annabelle.jpg 
Anna Liza Prado_CORP(Corp HR).JPG -> prado_anna_liza.JPG 
Ann Michelle Punongbayan_CORP(FIN).JPG -> punongbayan_ann_michelle.JPG 
Angeline Mary Miraflor_CORP(HR).JPG -> miraflor_angeline_mary.JPG 
Angeline Chong_CORP(Corporate Legal).jpg -> chong_angeline.jpg 
Angela Victoria Renelee Manuel_CORP(HR).jpg -> manuel_angela_victoria_renelee.jpg 
Andrea Vinta_CORP(Corporate Legal).JPG -> vinta_andrea.JPG 
Anastacia Masancay_COPR(CA).JPG -> masancay_anastacia.JPG 
Analyn Grace Torrijos_CORP(HR).JPG -> torrijos_analyn_grace.JPG 
Anajean Eroles_CORP(Digital Commerce).JPG -> eroles_anajean.JPG 
Anabelle Gosioco_CORP(HR).jpg -> gosioco_anabelle.jpg 
Ana Marie Lomboy_CORP(FIN).jpg -> lomboy_ana_marie.jpg 
Ana Isabel Castelo_CORP(Corporate Legal).JPG -> castelo_ana_isabel.JPG 
Amelita Salvador_CORP(Purchasing).JPG -> salvador_amelita.JPG 
Amee Libertinee Ung-York_CORP(Design Center).jpg -> ung-york_amee_libertinee.jpg 
Alyssa Vergara_CORP(R&D).jpg -> vergara_alyssa.jpg 
Alyssa Marie Rabino_CORP(CBG R&D).JPG -> rabino_alyssa_marie.JPG 
Alyssa Mae Valdez_CORP(Puchasing).JPG -> valdez_alyssa_mae.JPG 
Alyssa Mae Tanlimco_CORP(Purchasing).jpg -> tanlimco_alyssa_mae.jpg 
Alyssa Camille Jiao_CORP(FIN).JPG -> jiao_alyssa_camille.JPG 
Alyana Marie Tanlimco_CORP(HR).JPG -> tanlimco_alyana_marie.JPG 
Allan Patrick Tan_CORP(MKTG).jpg -> tan_allan_patrick.jpg 
Alexander Calinaya_CORP(CBG R&D).jpg -> calinaya_alexander.jpg 
Alec Renzo Sacidon_CORP(Management Associate).JPG -> sacidon_alec_renzo.JPG 
Aldrin Angeles_CORP(HR).jpg -> angeles_aldrin.jpg 
Albert Polintan_CORP(CBG R&D).JPG -> polintan_albert.JPG 
Aileen Natividad_CORP(MKTG).jpg -> natividad_aileen.jpg 
Aidarme Pilariza_CORP(Global Finance).jpg -> pilariza_aidarme.jpg 
Adrian James Liao_CORP(MKTG).png -> liao_adrian_james.png 
Abigail Villa_CORP(Purchasing).jpg -> villa_abigail.jpg 
Abegail Bernaldez_CORP(HR).JPG -> bernaldez_abegail.JPG 
November 13, 2021, 11:04:55 AM
Shane Heraña_CORP(International Audit).jpg -> heraña_shane.jpg 
Rogelio Nuñez_CORP(EO).jpg -> nuñez_rogelio.jpg 
Mary Ellen Nuñez_CORP(EO).JPG -> nuñez_mary_ellen.JPG 
Lovely Joy Mispeñas_CORP(Digital Commerce).JPG -> mispeñas_lovely_joy.JPG 
Katrina Joyce Arceño_CORP(Purcasing).JPG -> arceño_katrina_joyce.JPG 
Arrianne Cerdeña_CORP(Purchasing).jpg -> cerdeña_arrianne.jpg 
November 13, 2021, 11:40:39 AM
Ma. Adrea Lau.jpg -> lau_ma._adrea.jpg 
Joselito Parulan Jr_CORP(HR).JPG -> parulan jr_joselito.JPG 
John Emmanuel Medrana_CORP(HR).jpg -> medrana_john_emmanuel.jpg 
November 13, 2021, 11:42:16 AM
3414446464.jpg -> chanto_jan_meryll.jpg 
3402971352.jpg -> chua_johanna_lynn.jpg 
3330975967.JPG -> gomez lll_daniel_rafael_ramon.JPG 
3308343301.JPG -> peralta jr_maximino.JPG 
0387027997.JPG -> pangatungan jr_alejandro.JPG 
0383936228.JPG -> miñana jr_jose_ma..JPG 
0332290342.JPG -> tan caktiong_tony.JPG 
November 13, 2021, 12:51:00 PM
yusoo_christine.jpg -> yusoo_christine.jpg 
wenceslao_winston.JPG -> wenceslao_winston.JPG 
vizconde_rhodora.jpg -> vizconde_rhodora.jpg 
vinta_andrea.JPG -> vinta_andrea.JPG 
villaruel_ridel.JPG -> villaruel_ridel.JPG 
villanueva_melissa.jpg -> villanueva_melissa.jpg 
villa_abigail.jpg -> villa_abigail.jpg 
vijandre_rowel.jpg -> vijandre_rowel.jpg 
vergara_alyssa.jpg -> vergara_alyssa.jpg 
velasco lll_luis.JPG -> velasco_lll_luis.JPG 
unias_maricar.jpg -> unias_maricar.jpg 
umali_emmanuel.jpg -> umali_emmanuel.jpg 
tungol_nonicar.JPG -> tungol_nonicar.JPG 
tuazon_rolando.JPG -> tuazon_rolando.JPG 
tuares_lorelie.jpg -> tuares_lorelie.jpg 
tanmantiong_ernesto.jpg -> tanmantiong_ernesto.jpg 
tanbuntiong_joseph.jpg -> tanbuntiong_joseph.jpg 
tan_michelle.JPG -> tan_michelle.JPG 
tan_madelaine.jpg -> tan_madelaine.jpg 
tan_juanito.JPG -> tan_juanito.JPG 
tan_jerry.jpg -> tan_jerry.jpg 
tan_clarita.JPG -> tan_clarita.JPG 
tan untiong_william.JPG -> tan_untiong_william.JPG 
tan caktiong_tony.JPG -> tan_caktiong_tony.JPG 
supetran_isadora.jpg -> supetran_isadora.jpg 
sibayan_marilou.jpg -> sibayan_marilou.jpg 
sarmiento_denise.JPG -> sarmiento_denise.JPG 
santos_rhea.jpg -> santos_rhea.jpg 
santos_margarita.jpg -> santos_margarita.jpg 
santos ll_helen.jpg -> santos_ll_helen.jpg 
san joaquin_mark.JPG -> san_joaquin_mark.JPG 
samblingo_sigourney.JPG -> samblingo_sigourney.JPG 
salvador_amelita.JPG -> salvador_amelita.JPG 
salazar_aynaranda.JPG -> salazar_aynaranda.JPG 
sabado_arsenio.JPG -> sabado_arsenio.JPG 
rufino_rona.jpg -> rufino_rona.jpg 
rubia_jocelyn.JPG -> rubia_jocelyn.JPG 
roxas_hannah.jpg -> roxas_hannah.jpg 
roleda_marlyn.jpg -> roleda_marlyn.jpg 
rivera_romeo.jpg -> rivera_romeo.jpg 
richmond_lourdes.JPG -> richmond_lourdes.JPG 
reyes_ramil.jpg -> reyes_ramil.jpg 
reyes_arturo.jpg -> reyes_arturo.jpg 
repalda_jose.JPG -> repalda_jose.JPG 
rejano_vladimir.JPG -> rejano_vladimir.JPG 
regner_leonardo.jpg -> regner_leonardo.jpg 
ranin_jefferson.jpg -> ranin_jefferson.jpg 
rafol_eleonor.jpg -> rafol_eleonor.jpg 
quinio_rechelle.jpg -> quinio_rechelle.jpg 
polintan_albert.JPG -> polintan_albert.JPG 
policar_romeo.JPG -> policar_romeo.JPG 
pinugu_jerome.JPG -> pinugu_jerome.JPG 
pineda_josielinda.JPG -> pineda_josielinda.JPG 
pilariza_aidarme.jpg -> pilariza_aidarme.jpg 
pating_bernard.jpg -> pating_bernard.jpg 
pasumbal_katherine.jpg -> pasumbal_katherine.jpg 
paras_jeragynn.jpg -> paras_jeragynn.jpg 
panuelos_evelyn.JPG -> panuelos_evelyn.JPG 
palomar_corazon.jpg -> palomar_corazon.jpg 
paguio_margot.jpg -> paguio_margot.jpg 
omalza_frederick.jpg -> omalza_frederick.jpg 
nocom_michelle.jpg -> nocom_michelle.jpg 
noblezada_jennelle.JPG -> noblezada_jennelle.JPG 
natividad_aileen.jpg -> natividad_aileen.jpg 
natalio_rosalie.JPG -> natalio_rosalie.JPG 
narciso_annabelle.jpg -> narciso_annabelle.jpg 
napicol_christian.JPG -> napicol_christian.JPG 
nape_ronel.jpg -> nape_ronel.jpg 
mora_meliza.JPG -> mora_meliza.JPG 
mojar_marily.JPG -> mojar_marily.JPG 
miranda_cheryllgrace.JPG -> miranda_cheryllgrace.JPG 
mendoza_rocky.JPG -> mendoza_rocky.JPG 
mendoza_jazel.jpg -> mendoza_jazel.jpg 
mendoza_glenn.jpeg -> mendoza_glenn.jpeg 
mayuga_rowena.JPG -> mayuga_rowena.JPG 
mayorga_neshren.JPG -> mayorga_neshren.JPG 
masancay_anastacia.JPG -> masancay_anastacia.JPG 
mantillo_geraldyn.jpg -> mantillo_geraldyn.jpg 
magdangan_winnie.JPG -> magdangan_winnie.JPG 
lopez_myla.JPG -> lopez_myla.JPG 
limin_arnold.JPG -> limin_arnold.JPG 
lim_jadice.png -> lim_jadice.png 
leal_oliver.JPG -> leal_oliver.JPG 
lafuente_jeanelyn.jpg -> lafuente_jeanelyn.jpg 
lacuna_marites.jpg -> lacuna_marites.jpg 
lacea_edison.jpg -> lacea_edison.jpg 
lacandula_dennis.JPG -> lacandula_dennis.JPG 
king_azucena.JPG -> king_azucena.JPG 
jaucian_jerome.jpg -> jaucian_jerome.jpg 
gustilo_jmabelard.jpg -> gustilo_jmabelard.jpg 
guevarra_soledad.JPG -> guevarra_soledad.JPG 
guevara_monique.JPG -> guevara_monique.JPG 
guantes_arnel.jpg -> guantes_arnel.jpg 
gosioco_anabelle.jpg -> gosioco_anabelle.jpg 
giberson_sheryl.jpg -> giberson_sheryl.jpg 
gertes_normita.JPG -> gertes_normita.JPG 
gaudia_rosita.png -> gaudia_rosita.png 
flores_dennis.jpg -> flores_dennis.jpg 
felix_janice.jpg -> felix_janice.jpg 
estiaga_catherine.JPG -> estiaga_catherine.JPG 
esmundo_josephine.jpg -> esmundo_josephine.jpg 
eroles_anajean.JPG -> eroles_anajean.JPG 
enriquez_maricris.jpg -> enriquez_maricris.jpg 
enriquez_lazaro.JPG -> enriquez_lazaro.JPG 
encinas_edray.JPG -> encinas_edray.JPG 
dela cruz_charmagne.JPG -> dela_cruz_charmagne.JPG 
de leon_selina.JPG -> de_leon_selina.JPG 
de jesus_katrina.jpg -> de_jesus_katrina.jpg 
cortez_eriel.jpg -> cortez_eriel.jpg 
comoda_editha.JPG -> comoda_editha.JPG 
comia_romulo.JPG -> comia_romulo.JPG 
co_jessamyn.jpg -> co_jessamyn.jpg 
chong_angeline.jpg -> chong_angeline.jpg 
ching_clinton.jpg -> ching_clinton.jpg 
cestina_veronica.JPG -> cestina_veronica.JPG 
casipit_diomedes.JPG -> casipit_diomedes.JPG 
carandang_marita.jpg -> carandang_marita.jpg 
camero_ellen.jpg -> camero_ellen.jpg 
calinaya_alexander.jpg -> calinaya_alexander.jpg 
caligagan_rolando.JPG -> caligagan_rolando.JPG 
caballes_darlene.JPG -> caballes_darlene.JPG 
buenviaje_maripi.JPG -> buenviaje_maripi.JPG 
brodeth_elaine.JPG -> brodeth_elaine.JPG 
bio_leizl.JPG -> bio_leizl.JPG 
bernardo_pamela.jpg -> bernardo_pamela.jpg 
bernaldez_abegail.JPG -> bernaldez_abegail.JPG 
benedicto_genevieve.JPG -> benedicto_genevieve.JPG 
baysa_ysmael.JPG -> baysa_ysmael.JPG 
barrientos_ernani.JPG -> barrientos_ernani.JPG 
banaria_christian.jpg -> banaria_christian.jpg 
atun_lorna.JPG -> atun_lorna.JPG 
atole_liezl.JPG -> atole_liezl.JPG 
arandia_edward.JPG -> arandia_edward.JPG 
aragon_danielle.jpg -> aragon_danielle.jpg 
arabit_mariz.JPG -> arabit_mariz.JPG 
angeles_ruth.jpg -> angeles_ruth.jpg 
angeles_aldrin.jpg -> angeles_aldrin.jpg 
andrade_noriel.jpg -> andrade_noriel.jpg 
ando_jeffrey.JPG -> ando_jeffrey.JPG 
amante_valerie.jpg -> amante_valerie.jpg 
alejandro_karmina.JPG -> alejandro_karmina.JPG 
alcantara_rodel.jpg -> alcantara_rodel.jpg 
ahmed_katherine.JPG -> ahmed_katherine.JPG 
aguirre_emmylou.JPG -> aguirre_emmylou.JPG 
acosta_leila.JPG -> acosta_leila.JPG 
