Zenaida Dizon Recote_RR(MFG).JPG -> recote_zenaida.JPG 
Wilborn Crausos Condes_RR(MFG).JPG -> condes_wilborn.JPG 
Vencis Michael Zagado Enerio_RR(Ops).JPG -> enerio_vencis_michael.JPG 
Vanessa Solis Ablon_RR(MFG).JPG -> ablon_vanessa.JPG 
Steven Valdez Esperida_RR(MFG).jpg -> esperida_steven.jpg 
Stella Marie Gamale_RR(MFG).jpg -> gamale_stella_marie.jpg 
Silverio Cantomayor Calamba_RR(Ops).JPG -> calamba_silverio.JPG 
Sherwin Runa Otic_RR(MFG).JPG -> otic_sherwin.JPG 
Shainy Rose Gubalane_RR(QA).jpg -> gubalane_shainy_rose.jpg 
Sarah Joy P Peralta_RR(R&D).JPG -> peralta_sarah_joy.JPG 
Sarah Jean Antolijao Eredia_RR(Ops).JPG -> eredia_sarah_jean.JPG 
Salina Monica Antonio Cudiamat_(MKTG).JPG -> cudiamat_salina_monica.JPG 
Saira Guzarem Salveron_RR(QA).JPG -> salveron_saira.JPG 
Ryan Apostol_RR(MFG).jpg -> apostol_ryan.jpg 
Rossana Abuel Lacsamana_RR(Ops).JPG -> lacsamana_rossana.JPG 
Rosary Gayle Pacheco Roca_RR(Ops).JPG -> roca_rosary_gayle.JPG 
Rosalynn Ann D Malong_RR(R&D).JPG -> malong_rosalynn_ann.JPG 
Ronald Sales Ganiban_RR(Ops).JPG -> ganiban_ronald.JPG 
Romeo Negulo Saporno, Jr._RR(MFG).JPG -> saporno,_jr._romeo.JPG 
Rollen Saldaña Inoncillo_RR(Ops).jpg -> inoncillo_rollen.jpg 
Rolando Sumat Arador_RR(MFG).JPG -> arador_rolando.JPG 
Roel David Deñado_RR(MFG).jpg -> deñado_roel.jpg 
Rodulfo Manigo Camba, Jr._RR(MFG).JPG -> camba,_jr._rodulfo.JPG 
Robredo Boc Cutanda_RR(Ops).jpg -> cutanda_robredo.jpg 
Robert Venoya Lee, Jr._RR(MFG).JPG -> lee,_jr._robert.JPG 
Roben Arnado Sabellana_RR(MFG).JPG -> sabellana_roben.JPG 
Richard PAULO Magtibay_RR(Ops).jpg -> magtibay_richard.jpg 
Richard Lugtu Catacutan_RR(MFG).JPG -> catacutan_richard.JPG 
Richard De Vero Siron_RR(Ops).JPG -> siron_richard.JPG 
Reynante Aguilar Cabaluna_RR(Ops).JPG -> cabaluna_reynante.JPG 
Remmar D Lasaca_RR(MFG).jpg -> lasaca_remmar.jpg 
Reinelou Dumayag_RR(QA).jpg -> dumayag_reinelou.jpg 
Razen Joy Manguera_RR(MFG).jpg -> manguera_razen_joy.jpg 
Randolf JL Apolonio Puyat_RR(Fin.).jpg -> puyat_randolf_jl.jpg 
Randall James Pablo_RR(NBC).JPG -> pablo_randall_james.JPG 
Ralph Eros B Agdeppa_RR(E&M).JPG -> agdeppa_ralph_eros.JPG 
Pregilita Eslabra Rodriguez_RR(MFG).jpg -> rodriguez_pregilita.jpg 
Precious May Palma Maido_RR(MFG).jpg -> maido_precious_may.jpg 
Peter Luis Napallatan_RR(MFG).jpg -> napallatan_peter_luis.jpg 
Pamela Anne Ormilla_RR(MFG).png -> ormilla_pamela_anne.png 
Odessa Carlos Abinales_RR(Finance).JPG -> abinales_odessa.JPG 
Norman Olita Luague_RR(MFG).JPG -> luague_norman.JPG 
Noel Venus Dizon_RR(Ops).jpg -> dizon_noel.jpg 
Nilo Timbang Nuñez_RR(Ops).JPG -> nuñez_nilo.JPG 
Nilo Alvares Diola_RR(Ops).JPG -> diola_nilo.JPG 
Nick L Tuane_RR(MFG).jpg -> tuane_nick.jpg 
Nestor Paguican Ibarra, Jr._RR(MFG).jpg -> ibarra,_jr._nestor.jpg 
Nelbin Dagalea Alfonso_RR(MFG).JPG -> alfonso_nelbin.JPG 
Nefer  Fuderanan_RR(MFG).jpg -> fuderanan_nefer.jpg 
Myrna Villapando_RR(MFG).png -> villapando_myrna.png 
Monica Martinez Patdu_RR(HR).JPG -> patdu_monica.JPG 
Misael Ligeslador Barimbad_RR(MFG).JPG -> barimbad_misael.JPG 
Miguel Maria Matias Neri_RR(Marketing).JPG -> neri_miguel_maria.JPG 
Michelle Marie Francesca Nunga Leveriza_RR(MKTG).JPG -> leveriza_michelle_marie_francesca.JPG 
Maryann Claret A Cahigas_RR(RS).JPG -> cahigas_maryann_claret.JPG 
Mary Mae Robin Tigley_RR(Ops).jpg -> tigley_mary_mae.jpg 
Mary Grace Cañete_RR(MFG).JPG -> cañete_mary_grace.JPG 
Marlon B Jalagat_RR(QA).jpg -> jalagat_marlon.jpg 
Mark Henry Paler Mamites_RR(Ops).png -> mamites_mark_henry.png 
Mark Chesterson Andillo Pineda_RR(Ops).jpg -> pineda_mark_chesterson.jpg 
Mark Anthony Servidad_RR(Ops).JPG -> servidad_mark_anthony.JPG 
Mark Anthony Caduyac Lopez_RR(Ops).JPG -> lopez_mark_anthony.JPG 
Mario Jr. Agustin Vallo_RR(Fin.).JPG -> vallo_mario_jr..JPG 
Marigold Marabe_RR(SP).png -> marabe_marigold.png 
Marielle Zamora Aquino_RR(R&D).JPG -> aquino_marielle.JPG 
Maricris Cruz Caiga_RR(Ops).JPG -> caiga_maricris.JPG 
Maricres Cajefe_RR(Ops).JPG -> cajefe_maricres.JPG 
Maricel Mangaser Manotok_RR(HR).JPG -> manotok_maricel.JPG 
Marianne Malabja Espayos_RR(SP).jpg -> espayos_marianne.jpg 
Maria Lourdes Therese Caragay Faller_RR(Ops).JPG -> faller_maria_lourdes_therese.JPG 
Margarette Ann Rianoga Mercado_RR(Ops).JPG -> mercado_margarette_ann.JPG 
Ma. Carmina Manalo.JPG -> manalo_ma._carmina.JPG 
Lovell Roderick Tirol Bestil_RR(MFG).jpg -> bestil_lovell_roderick.jpg 
Love Cruz Fernandez_RR(MKTG).JPG -> fernandez_love.JPG 
Louis Lascano Garcia_RR(QA).JPG -> garcia_louis.JPG 
Loue A Birad_RR(MFG).jpg -> birad_loue.jpg 
Lou Hermes Bendolo Sinadjan_RR(MFG).jpg -> sinadjan_lou_hermes.jpg 
Lotis Janubas Villaluz_RR(MFG).jpg -> villaluz_lotis.jpg 
Lorelyn Salcedo Ruwaya_RR(MFG).JPG -> ruwaya_lorelyn.JPG 
Liza Sotto Flaminiano_RR(QA).JPG -> flaminiano_liza.JPG 
Liezel Villamil Genegaban_RR(Ops).JPG -> genegaban_liezel.JPG 
Leslie Noelle Aranjuez Angeles_RR(Ops).JPG -> angeles_leslie_noelle.JPG 
Lara Maris Amarille Montederamos_RR(Ops).JPG -> montederamos_lara_maris.JPG 
Katrina A Bacay_RR(Ops).jpeg -> bacay_katrina.jpeg 
Jun Ed Melliza Mulat_RR(MFG).jpg -> mulat_jun_ed.jpg 
Jovit Paul Magadan_RR(MFG).jpg -> magadan_jovit_paul.jpg 
Joseph Rege Catamora Sebandal_RR(F&I E).jpg -> sebandal_joseph_rege.jpg 
Joselito Sevilla Chan_RR(NBC).JPG -> chan_joselito.JPG 
Jose Mari Montaner De Leon_RR(HR).JPG -> de_leon_jose_mari.JPG 
Joriline P Castillano_RR(HR).jpeg -> castillano_joriline.jpeg 
Jorelle Bato Ison_RR(HR).JPG -> ison_jorelle.JPG 
Jonathan Mamangun Lugtu_RR(Ops).JPG -> lugtu_jonathan.JPG 
Jonathan Comandante Morata_RR(MFG).jpg -> morata_jonathan.jpg 
John Rex Dagaman_RR(Ops).jpg -> dagaman_john_rex.jpg 
John Raphael Villaluz Dela Paz_RR(Finance).JPG -> dela_paz_john_raphael.JPG 
John Philip Lapig Lorenzo_RR(Ops).JPG -> lorenzo_john_philip.JPG 
John Paulo Sta. Ana_RR(Marketing).jpg -> sta._ana_john_paulo.jpg 
John Carlo Ortega_RR(MFG).jpg -> ortega_john_carlo.jpg 
John Arvin Paquibut_RR(Ops).jpg -> paquibut_john_arvin.jpg 
Joffrey Orinay Sumunod_RR(MFG).jpg -> sumunod_joffrey.jpg 
Joey D Guirhem_RR(MFG).jpg -> guirhem_joey.jpg 
Joefrance De Guzman_RR(MFG).jpg -> de_guzman_joefrance.jpg 
Joanna Marie B Hernandez_RR(MKTG).JPG -> hernandez_joanna_marie.JPG 
Jireh Chanpreeya Marinas Ferrer_RR(HR).JPG -> ferrer_jireh_chanpreeya.JPG 
Jhoanne Emilie Magracia Liwag_RR(HR).JPG -> liwag_jhoanne_emilie.JPG 
Jethro Praxidio_RR(MKTG).png -> praxidio_jethro.png 
Jessa Besorio_RR(MFG).jpg -> besorio_jessa.jpg 
Jerome Pineda_RR(MFG).jpg -> pineda_jerome.jpg 
Jerome Caparas Romero_RR(Ops).JPG -> romero_jerome.JPG 
Jelly Maniego Sy_RR(MFG).jpg -> sy_jelly.jpg 
Jeissa Marie Dignos_RR(QA).jpg -> dignos_jeissa_marie.jpg 
Jeffrey Tagalog Masisay_RR(MFG).JPG -> masisay_jeffrey.JPG 
Jean Nolasco Rejuso_RR(Ops).JPG -> rejuso_jean.JPG 
Jayson Obendencio Gonzales_RR(MFG).jpg -> gonzales_jayson.jpg 
Jayreal Francis Pascua_RR(MFG).jpg -> pascua_jayreal_francis.jpg 
Jaylord Valete_RR(Ops).jpg -> valete_jaylord.jpg 
Jayca C Napalla_RR(Operations).JPG -> napalla_jayca.JPG 
Jasmine Joy Zayas_RR(MFG).jpg -> zayas_jasmine_joy.jpg 
Jana Patrisha A Ararao_RR(QA).jpg -> ararao_jana_patrisha.jpg 
Isagani Malagotnot Mitiam_RR(Ops).JPG -> mitiam_isagani.JPG 
Ira B Orozco_RR(HR).jpg -> orozco_ira.jpg 
Ingrid Venna Ponce Juyad_RR(QA).JPG -> juyad_ingrid_venna.JPG 
Idan Tubasis Bate_RR(MFG).JPG -> bate_idan.JPG 
Hillary Velasco Gonzales_RR(Fin.).JPG -> gonzales_hillary.JPG 
Heidi Hala Hechanova_RR(HR).JPG -> hechanova_heidi_hala.JPG 
Heazel Jalandoni_RR(Ops).jpg -> jalandoni_heazel.jpg 
Grace Ann Araullo Eustaquio_RR(Fin.).JPG -> eustaquio_grace_ann.JPG 
Glenn Ranay Ranque_RR(MFG).jpg -> ranque_glenn.jpg 
Gladys M  Nazareth_RR(Ops).jpg -> nazareth_gladys.jpg 
Giselle Sarah Tan Marquez_RR(HR).JPG -> marquez_giselle_sarah.JPG 
Gina Mella Alcantara_RR(Ops).jpg -> mella_gina.jpg 
Gilbert Lasala Servande, Jr._RR(Ops).JPG -> servande,_jr._gilbert.JPG 
Gernette Gacho Tagarda_RR(SP).jpg -> tagarda_gernette.jpg 
Gerald Dalut_RR(Ops).jpg -> dalut_gerald.jpg 
George Valeriano Chan, Jr._RR(HR).JPG -> chan,_jr._george.JPG 
Gabriel Comeros Brigoli, Jr._RR(MFG).JPG -> brigoli,_jr._gabriel.JPG 
Francis Pana Santos_RR(MFG).jpg -> santos_francis.jpg 
Fatima Salazar Soriano_RR(MFG).jpg -> soriano_fatima.jpg 
Faith Orehuela Alvarado_RR(QA).jpg -> alvarado_faith.jpg 
Faith Maiden Decangchon_RR(MKTG).JPG -> decangchon_faith_maiden.JPG 
Faith Ercia Garcia_RR(Ops).JPG -> garcia_faith.JPG 
Evergrace Filomeno_RR(MFG).jpg -> filomeno_evergrace.jpg 
Eusebio Tabarno Maralang, Jr._RR(MFG).JPG -> maralang,_jr._eusebio.JPG 
Estela Otic_RR(Ops).jpg -> otic_estela.jpg 
Erwin Dela Cruz Bernan_RR(MFG).jpg -> bernan_erwin.jpg 
Emerson Carreon Ramos_RR(MFG).JPG -> ramos_emerson.JPG 
Emelito Camance Batulan_RR(Ops).JPG -> batulan_emelito.JPG 
Elly Mar Bermeo_RR(MFG).png -> bermeo_elly_mar.png 
Eliza Marajuki_RR(Ops).jpg -> marajuki_eliza.jpg 
Eliseo Esco Oledan_RR(MFG).JPG -> oledan_eliseo.JPG 
Edson Legaspi Guilaran_RR(MFG).jpg -> guilaran_edson.jpg 
Edgar Allan Mercado Valentino_RR(MFG).JPG -> valentino_edgar_allan.JPG 
Eden Ballos Nilo_RR(Ops).JPG -> nilo_eden.JPG 
Dominic Joyce Evangelista_RR(MKTG).png -> evangelista_dominic_joyce.png 
Dexter Encia Vera_RR(MFG).jpg -> vera_dexter.jpg 
David David Cacap_RR(MFG).JPG -> cacap_david.JPG 
Daryl Jay Magdagasang_RR(Ops).jpg -> magdagasang_daryl_jay.jpg 
Dana May Veluz Pablo_RR(RS).JPG -> pablo_dana_may.JPG 
Cristina Gonzaga Lombres_RR(MFG).jpg -> lombres_cristina.jpg 
Cleo Valdevia Gatela_RR(QA).JPG -> gatela_cleo.JPG 
Cipriano Yangyang Adlawan_RR(MFG).JPG -> adlawan_cipriano.JPG 
Cindy Luaña_RR(HR).jpg -> luaña_cindy.jpg 
Christine Louanne Alturas_RR(QA).jpg -> alturas_christine_louanne.jpg 
Christian Jay Arcellana Fronda_RR(Ops).JPG -> fronda_christian_jay.JPG 
Charisse Daphne Esparrago Agbayani_RR(R&D).png -> agbayani_charisse_daphne.png 
Celina Hebra Gayares_RR(HR).jpg -> gayares_celina.jpg 
Carmina Estor_RR(MFG).jpg -> estor_carmina.jpg 
Carmela Mae Maniwang_RR(MKTG).jpg -> maniwang_carmela_mae.jpg 
Carlo Dayrit Santiago_RR(Ops).jpg -> santiago_carlo.jpg 
Camille April S Trinidad_RR(R&D).JPG -> trinidad_camille_april.JPG 
Bryan A Tomabini_RR(MFG).jpg -> tomabini_bryan.jpg 
Brigette Zarate Delizo_RR(F&I E).JPG -> delizo_brigette.JPG 
Beverly Lacierda Suriba_RR(MFG).jpg -> suriba_beverly.jpg 
Beverly Aquino Del Carmen_RR(Ops).JPG -> del_carmen_beverly.JPG 
Belly Pahuway Cabantac_RR(MFG).JPG -> cabantac_belly.JPG 
Beatriz Mallari Mata_RR(Ops).JPG -> mata_beatriz.JPG 
Baltazar Alpuerto_RR(Ops).jpg -> alpuerto_baltazar.jpg 
Bai Sarah Alamada_RR(MFG).jpg -> alamada_bai_sarah.jpg 
Arvie Valencia Solomon_RR(Ops).jpg -> solomon_arvie.jpg 
Arnold Jay Legaspi Roxas_RR(Ops).jpg -> roxas_arnold_jay.jpg 
Armando Cabanigan Valmoria, Jr._RR(MFG).JPG -> valmoria,_jr._armando.JPG 
Arlene Marzan Valencia_RR(Ops).JPG -> valencia_arlene.JPG 
Arleen Alvarez_RR(MFG).jpg -> alvarez_arleen.jpg 
Ariel Jusay Macabudbod_RR(MFG).jpg -> macabudbod_ariel.jpg 
Archie Corpuz Latigar_RR(Ops).jpg -> latigar_archie.jpg 
Apple Mae Solis_RR(MFG).jpg -> solis_apple_mae.jpg 
Apple Jean Alaban_RR(MFG).jpg -> alaban_apple_jean.jpg 
Antonino A Lugo, Jr._RR(MFG).JPG -> lugo,_jr._antonino.JPG 
Angelo Ranillo Balbarosa_RR(Ops).jpg -> balbarosa_angelo.jpg 
Angeline Aragon Refulgente_RR(R&D).JPG -> refulgente_angeline.JPG 
Angela Camille Geronimo San Miguel_RR(RS).JPG -> san_miguel_angela_camille.JPG 
Andy Neil G Demafiles_RR(Ops).JPG -> demafiles_andy_neil.JPG 
Analee Lakian Francisco_RR(Ops).jpg -> francisco_analee.jpg 
Anais Carla Mabanta Uychoco_RR(R&D).png -> uychoco_anais_carla.png 
Amelou Margate_RR(MFG).jpg -> margate_amelou.jpg 
Alomnie Barte_RR(Ops).jpg -> barte_alomnie.jpg 
Almira Barbarin Villanueva_RR(R&D).jpg -> villanueva_almira.jpg 
Allen Dave Eulogio Salvador_RR(MFG).jpg -> salvador_allen_dave.jpg 
Alicia Manansala Vicencio_RR(Ops).JPG -> vicencio_alicia.JPG 
Alexis Venus Arsenio_RR(Ops).jpg -> arsenio_alexis.jpg 
Alex Roxas Panon_RR(MFG).JPG -> panon_alex.JPG 
Alan Lapira_RR(MFG).jpg -> lapira_alan.jpg 
Aira Mae Pascual Calaton__RR(F&I E).JPG -> calaton_aira_mae.JPG 
Adrian John Verzosa Cona_RR(Ops).JPG -> cona_adrian_john.JPG 
