generose dote.jpg -> dote_generose.jpg 
Wilhelmina Paragas.jpg -> paragas_wilhelmina.jpg 
Victor Aradillos Jr.jpg -> aradillos_jr._victor.jpg 
Veronica Ganotan.jpg -> ganotan_veronica.jpg 
Tracee Gianan.jpg -> gianan_tracee.jpg 
Thalia Mae Quiobo.png -> quiobo_thalia_mae.png 
Stephanie Ronquillo.jpg -> ronquillo_stephanie.jpg 
Steffany Culaste.png -> culaste_steffany.png 
Shiela Mae Mahan_Store Ops(RR).jpg -> mahan_shiela_mae.jpg 
Sheila Guzman.jpg -> guzman_sheila.jpg 
Sheena Marie Barbon.jpg -> barbon_sheena_marie.jpg 
Sharmaine Soriano.JPG -> soriano_sharmaine.JPG 
Shara Mae Apan.png -> apan_shara_mae.png 
Shanelle Jasmine Santos.jpg -> santos_shanelle_jasmine.jpg 
Sarah Jane Francolin.jpg -> francolin_sarah_jane.jpg 
Sarah Acabado.jpg -> acabado_sarah.jpg 
Sahi Abtahi.jpg -> abtahi_sahi.jpg 
Rustom Jay Paksa.jpg -> paksa_rustom_jay.jpg 
Russel Kiah Tuazon.jpg -> tuazon_russel_kiah.jpg 
Roy Engay.jpg -> engay_roy.jpg 
Roxane Rodriguez.jpg -> rodriguez_roxane.jpg 
Rovian Alvarado.jpg -> alvarado_rovian.jpg 
Ross Jay Manansala.jpg -> manansala_ross_jay.jpg 
Rosemarie Reogelon.png -> reogelon_rosemarie.png 
Roselyn Rakim.jpg -> rakim_roselyn.jpg 
Rosejen Manaytay.png -> manaytay_rosejen.png 
Rose-ann Burac.jpg -> burac_rose-ann.jpg 
Ronalyn Rivera.jpg -> rivera_ronalyn.jpg 
Rona Mae Bobilles.jpg -> bobilles_rona_mae.jpg 
Rommel Galban.jpg -> galban_rommel.jpg 
Rolando Regonios.jpg -> regonios_rolando.jpg 
Roland Araya.jpg -> araya_roland.jpg 
Rojen Elias.jpg -> elias_rojen.jpg 
Rogelio Sicat.png -> sicat_rogelio.png 
Rodrigo Besa Jr.jpg -> besa_jr._rodrigo.jpg 
Rod John Alva.jpg -> alva_rod_john.jpg 
Riza Mae Mondero.jpg -> mondero_riza_mae.jpg 
Rixjervy Bernardo.png -> bernardo_rixjervy.png 
Ricky Dipad.jpg -> dipad_ricky.jpg 
Rhenjie Notarion.jpg -> notarion_rhenjie.jpg 
Rezzie Poon.jpg -> poon_rezzie.jpg 
Reyzel Panerio.jpg -> panerio_reyzel.jpg 
Reyvi Ryan Delos Santos.jpg -> delos_santos_reyvi_ryan.jpg 
Rey Malaya.jpg -> malaya_rey.jpg 
Renrose Rosell.jpg -> rosell_renrose.jpg 
Renante Liwanagan.jpg -> liwanagan_renante.jpg 
Redentor Santos.jpg -> santos_redentor.jpg 
Rea Mariano Tripulca.jpg -> tripulca_rea.jpg 
Razen Dora.jpg -> dora_razen.jpg 
Raven Bert Catalasan.jpg -> catalasan_raven_bert.jpg 
Rasol Tagle.png -> tagle_rasol.png 
Raman Rajulah.jpg -> rajulah_raman.jpg 
Raffy Flores.jpg -> flores_raffy.jpg 
Rachel Celis.jpg -> celis_rachel.jpg 
Quenee Rey.png -> rey_quenee.png 
Princess Diame Villar.JPG -> villar_princess_diame.JPG 
Pinky Rose Yecla.jpg -> yecla_pinky_rose.jpg 
Phil Carey Rosales.jpg -> rosales_phil_carey.jpg 
Pamela Dumalagan.jpg -> dumalagan_pamela.jpg 
Pablo Pañgan.jpg -> pañgan_pablo.jpg 
Omar Mendoza.png -> mendoza_omar.png 
Ofelia Sanchez.jpg -> sanchez_ofelia.jpg 
Norlyn Quiñones.jpg -> quiñones_norlyn.jpg 
Norilyn Sabularse.jpg -> sabularse_norilyn.jpg 
Ninolito Napoles.jpg -> napoles_ninolito.jpg 
Nico Dimapasok.png -> dimapasok_nico.png 
Nica Guiao.jpg -> guiao_nica.jpg 
Nestor Bufete Jr.png -> bufete_jr._nestor.png 
Nathaniel Paul Sabado.png -> sabado_nathaniel_paul.png 
Narley Calo.jpg -> calo_narley.jpg 
Myrr Von Ore.png -> ore_myrr_von.png 
Mylene Revoltar.png -> revoltar_mylene.png 
Myka Malig.jpg -> malig_myka.jpg 
Mutya Encarnacion.jpg -> encarnacion_mutya.jpg 
Monica Odita.jpg -> odita_monica.jpg 
Mitzie Jill Descallar.jpg -> descallar_mitzie_jill.jpg 
Mirasol Rustia.jpg -> rustia_mirasol.jpg 
Michaella Marcelo.jpg -> marcelo_michaella.jpg 
Michael Seguira.jpg -> seguira_michael.jpg 
Michael Labsan.jpg -> labsan_michael.jpg 
Michael Angelo Lu.jpeg -> lu_michael_angelo.jpeg 
Merian Faith Otong.jpg -> otong_merian_faith.jpg 
Melvin Eresmas.jpg -> eresmas_melvin.jpg 
Mc Darelle Abella.jpg -> abella_mc_darelle.jpg 
Maureen Ann Infante.jpg -> infante_maureen_ann.jpg 
Mary Joyce Bandojo.jpg -> bandojo_mary_joyce.jpg 
Mary Jane Ramos.jpg -> ramos_mary_jane.jpg 
Mary Jane Navarro.png -> navarro_mary_jane.png 
Mary Jane Lacap.png -> lacap_mary_jane.png 
Mary Jane B. Lacap.jpg -> lacap_mary_jane.jpg 
Mary Grace Velasco.jpg -> velasco_mary_grace.jpg 
Mary Grace Malonzo.jpg -> malonzo_mary_grace.jpg 
Mark Ruel Vanguardia.jpg -> vanguardia_mark_ruel.jpg 
Mark Limwel Velano.jpg -> velano_mark_limwel.jpg 
Mark Lester Oliquino.png -> oliquino_mark_lester.png 
Mark Dennis Ubaldo.jpg -> ubaldo_mark_dennis.jpg 
Mark Chesterson Pineda.jpg -> pineda_mark_chesterson.jpg 
Mark Anthony Basilla.jpeg -> basilla_mark_anthony.jpeg 
Marjorie Obenario.jpg -> obenario_marjorie.jpg 
Marjori Ann T. Santos.jpg -> santos_marjori_ann.jpg 
Marivic Juluat.jpg -> juluat_marivic.jpg 
Marive Vargas.jpg -> vargas_marive.jpg 
Marita Delima.jpg -> delima_marita.jpg 
Marita Bautista.jpg -> bautista_marita.jpg 
Marimar Jacaban.jpg -> jacaban_marimar.jpg 
Mariel Salvante.jpg -> salvante_mariel.jpg 
Mariel Ann Gutierrez.png -> gutierrez_mariel_ann.png 
Mariel Ann Gutierrez.jpg -> gutierrez_mariel_ann.jpg 
Marie Vic Gamulo.jpg -> gamulo_marie_vic.jpg 
Maricel Barcelona.jpg -> barcelona_maricel.jpg 
Maribeth Bondocoy.jpg -> bondocoy_maribeth.jpg 
Maria Lynan Pilar Jabile.jpg -> jabile_maria_lynan_pilar.jpg 
Maria Karla Garcia.png -> garcia_maria_karla.png 
Maria Cristina Azcuna.png -> azcuna_maria_cristina.png 
Margie Natavio.jpg -> natavio_margie.jpg 
Mara Angela Tabugon.jpg -> tabugon_mara_angela.jpg 
Madel Ramonolos.jpg -> ramonolos_madel.jpg 
Macweld Concepcion.jpg -> concepcion_macweld.jpg 
Mac Kevin Ydia.jpeg -> ydia_mac_kevin.jpeg 
Ma. Kristine Dela Torre.jpg -> dela_torre_ma._kristine.jpg 
MARY ROSE LAVIÑA.jpg -> laviña_mary_rose.jpg 
Luisa Guieb.png -> guieb_luisa.png 
Ludy Mark Hila.jpg -> hila_ludy_mark.jpg 
Lovely Bondisto.jpg -> bondisto_lovely.jpg 
Louie Abad.png -> abad_louie.png 
Lorie Mae Sacdalan.jpg -> sacdalan_lorie_mae.jpg 
Lorenze John Pasan.jpg -> pasan_lorenze_john.jpg 
Lorenz John Petalino.jpg -> petalino_lorenz_john.jpg 
Lois Lorelle Menez.jpg -> menez_lois_lorelle.jpg 
Lionard Gomez.jpg -> gomez_lionard.jpg 
Lindel Bulaon.jpg -> bulaon_lindel.jpg 
Lhealyn Magnayon.jpg -> magnayon_lhealyn.jpg 
Lezzie Garcinez.jpg -> garcinez_lezzie.jpg 
Lexter Efondo.jpg -> efondo_lexter.jpg 
Levie Gumapac.jpg -> gumapac_levie.jpg 
Lee-Anne Eryck Lamio.jpg -> lamio_lee-anne_eryck.jpg 
Lc Rose Dacanay.jpg -> dacanay_lc_rose.jpg 
Lady Joy Montales.jpg -> montales_lady_joy.jpg 
Kristine Niña Bersamina.JPG -> bersamina_kristine_niña.JPG 
Kristine Lim.png -> lim_kristine.png 
Kristel Joyce Posadas.png -> posadas_kristel_joyce.png 
Krismae Bagano.jpg -> bagano_krismae.jpg 
Klein Ariff De Leon.jpg -> de_leon_klein_ariff.jpg 
Khenneth Sebuc.jpg -> sebuc_khenneth.jpg 
Kevin Sta. Maria.jpg -> sta._maria_kevin.jpg 
Kevin Roy Badbad_old.jpg -> badbad_kevin_roy.jpg 
Kevin James De Ocampo.jpeg -> de_ocampo_kevin_james.jpeg 
Kermit Reyes.png -> reyes_kermit.png 
Kenneth Popera.jpg -> popera_kenneth.jpg 
Kellie Robyn Alfaro.jpg -> alfaro_kellie_robyn.jpg 
Keith Ryne Pamatmat.jpg -> pamatmat_keith_ryne.jpg 
Keith Gabriel Naguit.png -> naguit_keith_gabriel.png 
Kaye Paule.png -> paule_kaye.png 
Kathleen Jane Sayo.jpg -> sayo_kathleen_jane.jpg 
Katherine Llagas.png -> llagas_katherine.png 
Katerine Cortez.jpg -> cortez_katerine.jpg 
Karina Aceret.jpg -> aceret_karina.jpg 
Karen May Morata.jpg -> morata_karen_may.jpg 
KIRVIN KING TANAMAL.jpg -> tanamal_kirvin_king.jpg 
Junrex Seloberes.jpg -> seloberes_junrex.jpg 
Julie Claire de Guzman.JPG -> de_guzman_julie_claire.JPG 
Judy Ann Tarroza.jpg -> tarroza_judy_ann.jpg 
Jp Bonie Fuentes.jpg -> fuentes_jp_bonie.jpg 
Joylyn Guinto.jpg -> guinto_joylyn.jpg 
Joyce Ann Baluyot.jpg -> baluyot_joyce_ann.jpg 
Joy Barlas.jpg -> barlas_joy.jpg 
Joven Peteros.jpg -> peteros_joven.jpg 
Joven Peteros.jpeg -> peteros_joven.jpeg 
Joshua Seña.png -> seña_joshua.png 
Joshua Flores.jpg -> flores_joshua.jpg 
Joseph Cisneros.jpg -> cisneros_joseph.jpg 
Jose Maria Caraca.jpg -> caraca_jose_maria.jpg 
Jonathan Cutin.png -> cutin_jonathan.png 
Jomar Ocampo.jpg -> ocampo_jomar.jpg 
Jomar Dianela.jpg -> dianela_jomar.jpg 
Jojo Salupado Jr.jpg -> salupado_jr._jojo.jpg 
John Michael Hernandez.png -> hernandez_john_michael.png 
John Mark Luzana.jpg -> luzana_john_mark.jpg 
John Louie Barcelona.jpg -> barcelona_john_louie.jpg 
John Kenneth Macapañas.jpg -> macapañas_john_kenneth.jpg 
John Elijah Cirineo.jpg -> cirineo_john_elijah.jpg 
John David Cua.jpg -> cua_john_david.jpg 
John Carlo Alarcon.jpg -> alarcon_john_carlo.jpg 
John Brian Baluyot.jpg -> baluyot_john_brian.jpg 
Joebern Morissey Pulga.jpg -> pulga_joebern_morissey.jpg 
Jocel Brusola.jpg -> brusola_jocel.jpg 
Jocaren Logan.jpg -> logan_jocaren.jpg 
Jobelyn Moreno.jpeg -> moreno_jobelyn.jpeg 
Jingkie Paiz.jpg -> paiz_jingkie.jpg 
Jimson Cenita.jpg -> cenita_jimson.jpg 
Jevelyn Velez.png -> velez_jevelyn.png 
Jette Geordaine Medel.jpg -> medel_jette_geordaine.jpg 
Jessie Pie.jpg -> pie_jessie.jpg 
Jessa Rocafor.jpg -> rocafor_jessa.jpg 
Jessa Pacomio.png -> pacomio_jessa.png 
Jessa Mikka Cajigal.png -> cajigal_jessa_mikka.png 
Jessa Mikka Cajigal.jpeg -> cajigal_jessa_mikka.jpeg 
Jesraell Jumao-As.jpg -> jumao-as_jesraell.jpg 
Jerry Lou Bravo.jpg -> bravo_jerry_lou.jpg 
Jerry Enerio Jr.jpg -> enerio_jr._jerry.jpg 
Jerome Orpiano.png -> orpiano_jerome.png 
Jerome Orpiano.jpg -> orpiano_jerome.jpg 
Jerome Mendoza Jr.png -> mendoza_jr._jerome.png 
Jerison Sta. Maria.jpg -> sta._maria_jerison.jpg 
Jepry Baldio.jpg -> baldio_jepry.jpg 
Jennifer Nacpil.png -> nacpil_jennifer.png 
Jennifer Nacpil.jpg -> nacpil_jennifer.jpg 
Jenevieve Valdez.jpg -> valdez_jenevieve.jpg 
Jenelie Biñas.jpg -> biñas_jenelie.jpg 
Jelyn Lindo.jpg -> lindo_jelyn.jpg 
Jellybee Sarcos.png -> sarcos_jellybee.png 
Jelamay Gan.jpg -> gan_jelamay.jpg 
Jeff Francis Dilag.jpg -> dilag_jeff_francis.jpg 
Jayson Maulit.jpg -> maulit_jayson.jpg 
Jaypee Abad.jpg -> abad_jaypee.jpg 
Jay-Ar Almonte.png -> almonte_jay-ar.png 
Jason Verana.jpg -> verana_jason.jpg 
Janisa Ignacio.jpg -> ignacio_janisa.jpg 
Janice Berad.jpg -> berad_janice.jpg 
Janica Baclay.jpg -> baclay_janica.jpg 
Jan Rhey Gales.jpg -> gales_jan_rhey.jpg 
Jan Michael Alcaraz.jpg -> alcaraz_jan_michael.jpg 
Jade Hanna Gancino.jpeg -> gancino_jade_hanna.jpeg 
JULLIBEE DATULAYTA.jpg -> datulayta_jullibee.jpg 
Isabelito Balagot Jr.png -> balagot_jr._isabelito.png 
Irish May Abarico.jpg -> abarico_irish_may.jpg 
Irish Escalante.jpg -> escalante_irish.jpg 
Indelyn Mae Gajo.jpg -> gajo_indelyn_mae.jpg 
Ian Jerome Napao.png -> napao_ian_jerome.png 
Hycinth Lynn Ebueza.jpg -> ebueza_hycinth_lynn.jpg 
Honey Amor Legaspi.jpg -> legaspi_honey_amor.jpg 
Hector Naldo.JPG -> naldo_hector.JPG 
Hector Mateo.jpg -> mateo_hector.jpg 
Harlene Mario.jpg -> mario_harlene.jpg 
Hannah Malangle.jpg -> malangle_hannah.jpg 
Hanna Grace Pelias.jpg -> pelias_hanna_grace.jpg 
Grichin Delos Santos.jpg -> delos_santos_grichin.jpg 
Glynis Karen Vidamo.jpg -> vidamo_glynis_karen.jpg 
Gerson Gersalina.jpg -> gersalina_gerson.jpg 
Gerard Benedict Jose Porcalla.jpg -> porcalla_gerard_benedict_jose.jpg 
Genesis Arreglo.jpg -> arreglo_genesis.jpg 
Gelyn Kristine Kang.jpg -> kang_gelyn_kristine.jpg 
Frezsa Lindo.jpg -> lindo_frezsa.jpg 
Fremely Antiquiera.png -> antiquiera_fremely.png 
Fevi Sherwyn Celocia.jpg -> celocia_fevi_sherwyn.jpg 
Ferlita Pineda.png -> pineda_ferlita.png 
Felix Amancio.jpg -> amancio_felix.jpg 
Fatima Yang.jpg -> yang_fatima.jpg 
Eunice Dimapilis.jpg -> dimapilis_eunice.jpg 
Eugene Leo Constantino.jpg -> constantino_eugene_leo.jpg 
Ervin Paul Aregado.jpg -> aregado_ervin_paul.jpg 
Erish Cunanan.png -> cunanan_erish.png 
Eralyn Mae Antazo.jpg -> antazo_eralyn_mae.jpg 
Emy Dela Cuesta.jpg -> dela_cuesta_emy.jpg 
Emil Pornobi.jpg -> pornobi_emil.jpg 
Emie Dagnal.jpg -> dagnal_emie.jpg 
Emelie Sebillano.png -> sebillano_emelie.png 
Edward Antonio.jpg -> antonio_edward.jpg 
Edison Sayo.jpg -> sayo_edison.jpg 
Ediger Sonto.jpg -> sonto_ediger.jpg 
Edgardo Gonzales .jpg -> gonzales_edgardo.jpg 
Donna Marie Luvino.png -> luvino_donna_marie.png 
Diosmadel Riñon.jpg -> riñon_diosmadel.jpg 
Diane Ivy San Juan.jpg -> san_juan_diane_ivy.jpg 
Diana Rose Feliciano.JPG -> feliciano_diana_rose.JPG 
Dhimple Rivas.jpg -> rivas_dhimple.jpg 
Dexter Phillip Lacson.png -> lacson_dexter_phillip.png 
Darryl Cancino.jpg -> cancino_darryl.jpg 
Darius Largo.jpg -> largo_darius.jpg 
Danah Joy Inutan.jpg -> inutan_danah_joy.jpg 
Daisylyn Lorenzo.jpg -> lorenzo_daisylyn.jpg 
Daisy Domingo.jpg -> domingo_daisy.jpg 
Cristy Ramos.png -> ramos_cristy.png 
Cris John Valencia.jpg -> valencia_cris_john.jpg 
Clyde Kester Mabini.jpg -> mabini_clyde_kester.jpg 
Cliff Brexton Glodove.jpg -> glodove_cliff_brexton.jpg 
Christopher Lagamayo.jpg -> lagamayo_christopher.jpg 
Chona Cunanan.jpg -> cunanan_chona.jpg 
Chesca Anastacio.jpg -> anastacio_chesca.jpg 
Cheryl E. Necesario.jpg -> necesario_cheryl.jpg 
Cherry Ann Casas.jpeg -> casas_cherry_ann.jpeg 
Cherielyn Cadaba.jpg -> cadaba_cherielyn.jpg 
Charrilyn Orozco.jpg -> orozco_charrilyn.jpg 
Charlene Gail Mallari.png -> mallari_charlene_gail.png 
Charina Ruiz.jpg -> ruiz_charina.jpg 
Bryan Jay Ducusin.jpg -> ducusin_bryan_jay.jpg 
Brian James Ko.jpg -> ko_brian_james.jpg 
Bernadette Rita.jpg -> rita_bernadette.jpg 
Bernadette Doctor.jpg -> doctor_bernadette.jpg 
Bernadeth Oracion.jpg -> oracion_bernadeth.jpg 
Bernadeth Balagot.jpg -> balagot_bernadeth.jpg 
Bea Mikaella Velario.png -> velario_bea_mikaella.png 
Ayencee Antonio.png -> antonio_ayencee.png 
Axiel Rhea Bucoy.jpg -> bucoy_axiel_rhea.jpg 
Axel Fernando.jpg -> fernando_axel.jpg 
Arvin Cris Valdez.png -> valdez_arvin_cris.png 
Arnold Mier.jpg -> mier_arnold.jpg 
Armando Cagayat Jr.jpg -> cagayat_jr._armando.jpg 
Arlyn Saguiped.png -> saguiped_arlyn.png 
Arlene Armero.jpg -> armero_arlene.jpg 
Arfie Perez.jpg -> perez_arfie.jpg 
April Gay LAtosa.jpg -> latosa_april_gay.jpg 
Antonio Villanuea.JPG -> villanuea_antonio.JPG 
Anne Karla Cariño.png -> cariño_anne_karla.png 
Ann Jenette Labitigan.jpg -> labitigan_ann_jenette.jpg 
Angelyn Siosa.jpg -> siosa_angelyn.jpg 
Angeline Azurin.jpg -> azurin_angeline.jpg 
Angelica Manuel.jpg -> manuel_angelica.jpg 
Andrea Nicole Paguntalan.jpg -> paguntalan_andrea_nicole.jpg 
Ana Liza Dumagil.jpg -> dumagil_ana_liza.jpg 
Amy Galapin.jpg -> galapin_amy.jpg 
Allan Cona.jpg -> cona_allan.jpg 
Aljun Historillo.png -> historillo_aljun.png 
Alexis Acosta.jpg -> acosta_alexis.jpg 
Alex Talavera.jpg -> talavera_alex.jpg 
Alex Dujali Jr.jpg -> dujali_jr._alex.jpg 
Aldrin Roque.jpg -> roque_aldrin.jpg 
Al-Rey De Luna.png -> de_luna_al-rey.png 
Aizel Lugue.png -> lugue_aizel.png 
Aira Gasgolan.jpg -> gasgolan_aira.jpg 
Ailen Bongalon.jpg -> bongalon_ailen.jpg 
Abel Caguimbal.jpg -> caguimbal_abel.jpg 
Abegail Ecalner.png -> ecalner_abegail.png 
Aaron Cunanan.jpg -> cunanan_aaron.jpg 
3462254844.JPG -> rosario_jolly_jane.JPG 
3460575787.jpg -> samson_sandy_jules.jpg 
3460142521.jpg -> millezo_apaul.jpg 
3458168931.JPG -> lazaro_paul_vincent.JPG 
3457672680.JPG -> lacsina_mel_anne_izza.JPG 
3457234374.jpg -> manalo_jamaica.jpg 
3456167633.jpg -> acaylar_rowell.jpg 
3455512946.JPG -> arcega_adriane.JPG 
3455446096_new.jpg -> perante_rosenda.jpg 
3455231492.JPG -> cabuhat_richard.JPG 
3454485100.jpg -> canda_diether.jpg 
3454158712.jpg -> unarse_pauline.jpg 
3454129398.jpg -> garcia_ma._francielle.jpg 
3453122150.JPG -> adriales_camille.JPG 
3452796833.JPG -> de_mesa_mc_jefferson.JPG 
3452766465.JPG -> clidoro_niño.JPG 
3451772010.jpg -> baldenero_lovely_lys.jpg 
3451750304.JPG -> salinas_froylan.JPG 
3451566682.JPG -> poquiz_jr._mardonio.JPG 
3450498036.JPG -> migriño_roldan_roy.JPG 
3450056012.JPG -> de_guia_john_francis.JPG 
3448499403.JPG -> enego_jayde_winky.JPG 
3448303269.JPG -> almero_joseph_rey.JPG 
3448234024.JPG -> baclayo_jennifer.JPG 
3448181698.jpg -> cruz_judiciel.jpg 
3447901387.JPG -> baldemor_mary_anthonette.JPG 
3447822602.JPG -> santos_jason_john.JPG 
3447718538.jpg -> gapac_jennifer.jpg 
3447646529.JPG -> san_juan_beatrice.JPG 
3446966543.JPG -> elizares_franzesca.JPG 
3446956582.jpg -> mercado_sheena.jpg 
3446898433.JPG -> policarpio_annalyn.JPG 
3446231113.jpeg -> domingo_john_paul.jpeg 
3445995751.jpg -> asuncion_maria.jpg 
3445938200.jpg -> seña_joshua.jpg 
3444558568.JPG -> eugenio_joel.JPG 
3444477461.JPG -> sanchez_katrina_agatha.JPG 
3444389397_new.jpg -> reyes_crizzette.jpg 
3444064997.jpeg -> viray_gelin.jpeg 
3443278441.jpg -> pablo_mariane.jpg 
3443023175.JPG -> villamina_lorenzo_jose.JPG 
3442933114.JPG -> domagas_mark_allen.JPG 
3442795666.jpg -> sibucao_charmane_joy.jpg 
3442328347.jpg -> rugas_michael_jan.jpg 
3442223659_new.jpg -> dominguez_mary_rose.jpg 
3440787281.jpg -> montaos_evangelyn.jpg 
3440129315_new.jpg -> nalagon-nicolas_alexandra_nicole.jpg 
3440083833.jpg -> alegado_john_harold.jpg 
3439780105.JPG -> pasco_cheenee_rose.JPG 
3439570315.jpg -> ballester_jacquiline.jpg 
3439462122_new.jpg -> lagmay_mary_ann.jpg 
3439274679.JPG -> francisco_joshua_ernest.JPG 
3439136801.JPG -> gabriel_vanessa_carol_anne.JPG 
3438687649.JPG -> ofiana_rhea.JPG 
3438259158_new.jpg -> david_karen.jpg 
3438188928.JPG -> santiago_camille.JPG 
3438118781.jpg -> andrade_kamille.jpg 
3437945887.JPG -> gardose_reah_mae.JPG 
3437167953.jpg -> hayakawa_masaki.jpg 
3436876096.JPG -> velasco_mica_angela.JPG 
3436722880.JPG -> cabingatan_freshnell.JPG 
3436070151.JPG -> meim_jammeah_marie.JPG 
3435638316.JPG -> penaojas_grace.JPG 
3435617829.JPG -> eniego_jennifer.JPG 
3435246216_new.jpg -> decena_jerna.jpg 
3434594163.JPG -> quilala_kimberly_jean.JPG 
3434252955.jpg -> rivo_fhiel.jpg 
3434218232.JPG -> beltran_tricia.JPG 
3434150798.JPG -> oroncillo_lenny_joy.JPG 
3433765281.JPG -> tasarra_ruby_lynn.JPG 
3433566600.jpg -> ricafranca_leandro.jpg 
3432250483.JPG -> alo_mary_jean.JPG 
3432137153.JPG -> de_leon_czarina.JPG 
3432124140.JPG -> pedernal_dina.JPG 
3432114079.JPG -> tatad_maria_katrina.JPG 
3431593138.JPG -> grimaldo_emma.JPG 
3431480636.jpg -> penuliar_harlene.jpg 
3431397509.JPG -> leoncio_olivette_dianne.JPG 
3429769343.JPG -> de_luna_maridel.JPG 
3429137962.jpg -> delos_angeles_chona.jpg 
3428461972.JPG -> cacabelos_racquel_ann.JPG 
3427696845.JPG -> arroyo_niza_mei.JPG 
3427520432.jpg -> alcantara_john_paul.jpg 
3427307642.JPG -> seguira_melvin.JPG 
3427135610.JPG -> villaflores_josephine.JPG 
3426954672.JPG -> santos_michelle_anne.JPG 
3426917978.JPG -> dalawampu_rose_ann.JPG 
3426613780.jpg -> martin_mary_jane.jpg 
3426449899_new.jpg -> carag_grace_ann.jpg 
3426219744.jpg -> macapia_john_marie.jpg 
3426113154_new.JPG -> nalo_jerica_ritz.JPG 
3425572330.jpg -> lares_prince_patrick.jpg 
3425492575.JPG -> montes_joana_patricia.JPG 
3425363387_new.jpg -> cruz_daniel.jpg 
3424336137.JPG -> tagle_rasol.JPG 
3424309177.jpg -> jeciel_jelly_joice.jpg 
3424122451.jpg -> regoso_rachelle.jpg 
3424026926.jpg -> maningas_myles_shireen.jpg 
342334907.JPG -> zabala_jacob_paul.JPG 
3423334842.jpg -> sungcang_marvin.jpg 
3422989832_new.JPG -> hamtig_mia_vanessa.JPG 
3422382688.JPG -> dico_joemar.JPG 
3421954871.JPG -> ubalde_jeneilyn.JPG 
3421480841.jpg -> lorenzo_daryll_jay.jpg 
3421130763_new.JPG -> español_christianne_joyce.JPG 
3421114527.jpg -> guerrero_mary_ann.jpg 
3420654855.JPG -> gandeza_precious.JPG 
3420629958.jpg -> manglapus_michael.jpg 
3420417539.jpg -> supan_princess_lady_diane.jpg 
3420191693.JPG -> alvar_lea_may.JPG 
3419621679.JPG -> alejandria_raymond.JPG 
3418535591.JPG -> dizon_lea_rose.JPG 
3417339248.jpg -> payong_ronel.jpg 
3415612954.JPG -> rodriguez_andrea.JPG 
3415195426.jpg -> mendoza_clint.jpg 
3415093104.JPG -> redondo_joel.JPG 
3414264662.JPG -> banagan_bonnibelle.JPG 
3413385568.JPG -> roylo_lani.JPG 
3413298150_new.jpg -> cruz_edwin.jpg 
3413023422.JPG -> malaca_rea_aura.JPG 
3412515155.JPG -> arizala_rosalie.JPG 
3408896907.JPG -> de_leon_anna_rosalyn.JPG 
3408556098.jpg -> mendoza_kristina.jpg 
3408436503.JPG -> roxas_mary_ann_grace.JPG 
3407595131.JPG -> tarnate_marifel.JPG 
3406833933_new.jpg -> lopez_john_louise.jpg 
3406704871_new.jpg -> tahaw_judie_ann.jpg 
3405653512_new.JPG -> godinez_melanie.JPG 
3405597380.JPG -> pajo_marge_ria.JPG 
3405304447.JPG -> furio_clarrise.JPG 
3403570927.JPG -> pigao_ria_eloiza.JPG 
3403416667.JPG -> naive_rose_ann.JPG 
3402446667.jpg -> manuel_rey_jerwin.jpg 
3402062520.jpg -> bobier_jr._perfecto.jpg 
3401259907.JPG -> estrella_rhea.JPG 
3401040556.JPG -> ogania_reyzel_marie.JPG 
3400547791.JPG -> belila_katherine_joyce.JPG 
3400150162.JPG -> mariano_romer.JPG 
3398701160.JPG -> dela_paz_charmy.JPG 
3398474125.JPG -> garcia_renato.JPG 
3397958299.JPG -> pacheco_jessa.JPG 
3397424956.JPG -> cayanan_wileen_ann.JPG 
3396047172.JPG -> mendez_arra.JPG 
3396043176.JPG -> alcantara_welmer.JPG 
3395767987.JPG -> biol_john_rey.JPG 
3394580893.JPG -> colinco_jr._eduardo.JPG 
3394307403.JPG -> mariano_emylyn.JPG 
3393552136.jpg -> sevilla_ma._gladys.jpg 
3392968336.JPG -> valencia_ronald.JPG 
3390409334.JPG -> dela_cruz_lucy.JPG 
3388686127_new.JPG -> gamboa_jonalyn.JPG 
3385497607.jpg -> senadrin_camille_avis.jpg 
3385170490.jpg -> ñaquinoñ_catty.jpg 
3382385123.JPG -> tulauan_maria_adela.JPG 
3382224912.JPG -> tin-ao_sharon.JPG 
3382038360.JPG -> tolentino_karen_may.JPG 
3380990060.JPG -> rio_flordeliza.JPG 
3380895819.JPG -> valiente_rowena.JPG 
3380367729.JPG -> abistado_cyrus.JPG 
3379153397.JPG -> almarez_michelle.JPG 
3378414503.JPG -> san_jose_joey.JPG 
3378202524.png -> rebenito_rodylen.png 
3377984186.JPG -> rombaoa_darwin.JPG 
3377757795.JPG -> fernando_rondalle.JPG 
3377322188.JPG -> lualhati_francis_albert.JPG 
3376508563.jpg -> condes_pauline_joanne.jpg 
3374750151.JPG -> gomez_john_ryan.JPG 
3373580254.JPG -> lagunilla_jr._adolfo.JPG 
3372389087.jpg -> salvador_mary_grace.jpg 
3370365401.jpg -> dimatulac_donald.jpg 
3367658859.JPG -> gonzales_christian_ian.JPG 
3366824927_new.jpg -> moresco_rudolph.jpg 
3365721348.JPG -> bernas_james_walter.JPG 
3363662849.JPG -> punzalan_dangel.JPG 
3363380927.JPG -> selorio_geraldine.JPG 
3362263553.JPG -> gajasan_joyce.JPG 
3360961572.jpg -> sumaljag_irene.jpg 
3360461959.JPG -> ferrancullo_anna_marie.JPG 
3360010180_new.JPG -> francisco_niña.JPG 
3359053187.JPG -> moreno_marceliana_gracia.JPG 
3355193229.JPG -> libetario_harold.JPG 
3353513717.JPG -> azcuna_maria_cristina.JPG 
3349985702_new.JPG -> victorino_evangeline.JPG 
3348496140.JPG -> dionisio_ritchel.JPG 
3346709282.JPG -> lazaro_oliver.JPG 
3346695192.JPG -> abel_jr._alexander.JPG 
3340222972.JPG -> gabrinao_raquel.JPG 
3335134651.JPG -> rapiz_junifer.JPG 
3334902198.jpg -> de_guzman_edilberto.jpg 
3334733419.JPG -> jeter_jexter.JPG 
3334628825.JPG -> san_juan_marjorie.JPG 
3326431897.jpg -> calica_heizel_joyce.jpg 
3326426284.JPG -> cerrera_leomar.JPG 
3324865627.JPG -> quintinta_mirazol.JPG 
3321718599.JPG -> dionisio_linsay.JPG 
3319532363.JPG -> magtalas_judy.JPG 
3319446190.JPG -> sianquita_lanie.JPG 
3318899560_new.jpg -> royol_donabella.jpg 
3318451283.JPG -> dela_gracia_rodriza.JPG 
3317678164.JPG -> galang_jocelyn.JPG 
3315456472.JPG -> canares_glozelda.JPG 
3313778204.png -> sison_emelda.png 
3310607925.JPG -> sequito_jr._graciano.JPG 
3308879192.JPG -> mendoza_ma._teresa.JPG 
3308288945.JPG -> tobias_nenita.JPG 
3306127930.JPG -> verano_remedios_medie.JPG 
3305051667.JPG -> evangelista_ma._cecilia.JPG 
3302046248.JPG -> lorena_isabelita.JPG 
1011202809_new.png -> alberio_renie.png 
1011202809.jpg -> alberio_renie.jpg 
1011065570_new.jpeg -> palanas_mark_nicko.jpeg 
1011065570.JPG -> palanas_mark_nicko.JPG 
1009517713_new.jpg -> palalon_renelyn.jpg 
1009306843.JPG -> tuane_sonny.JPG 
1009050115_new.jpg -> rodriguez_krystel_loren.jpg 
1009009878_new.jpeg -> basilio_maria_krized.jpeg 
1009009878.png -> basilio_maria_krized.png 
1007705792.jpg -> traigo_mark.jpg 
1007259426_new.jpeg -> casamis_jeraldin.jpeg 
1007259426.JPG -> casamis_jeraldin.JPG 
0938932088.jpg -> sunga_mary_zendy_grace.jpg 
0938178567.jpg -> pineda_raymart.jpg 
0934505516.jpg -> ramos_leah.jpg 
0932238173_new.jpg -> ansagay_christian_joey.jpg 
0931307607.jpg -> de_lara_juliemar.jpg 
0930971979.jpg -> palaganas_precious.jpg 
0930944809.JPG -> mabaquiao_marissa_claudia.JPG 
0930824385.JPG -> lacia_niño_angelo.JPG 
0929486488.jpg -> poncardas_cristine.jpg 
0927814751.jpg -> saquilabon_meriam.jpg 
0927413356.jpg -> carlos_shirnelyn.jpg 
0925144106.jpeg -> ruwaya_jr._emedio.jpeg 
0824919759_new.jpg -> baguio_reynan.jpg 
0823624388_new.jpg -> mendoza_princess_mae.jpg 
0819626837_new.png -> jurado_norbenel_john.png 
0819626837.jpg -> jurado_norbenel_john.jpg 
0819341565.jpg -> salvador_melody.jpg 
0818442546.jpg -> omas-as_mary_jane.jpg 
0817844271_new.jpg -> echem_myrddin_abby.jpg 
0817357247_new.jpg -> sorongon_luigi_jan.jpg 
0817138783_new.jpg -> pascual_janeth.jpg 
0816968420.JPG -> gaid_jason.JPG 
0816937079.jpeg -> paala_maria_siena.jpeg 
0816793022_new.jpg -> colita_maricel.jpg 
0811955755_new.jpg -> lofranco_emy.jpg 
0811142377_new.jpg -> yandog_juniehop.jpg 
0810835193.jpg -> gaamil_christopher.jpg 
0732945941.JPG -> gerunda_lorraine_mae.JPG 
0728548763.jpg -> provido_jestine.jpg 
0726871144.jpg -> tuburan_jeniel.jpg 
0725915687.jpeg -> suarez_crisanto.jpeg 
0721960474.jpg -> delima_juza.jpg 
0717848225_new.jpg -> padilla_james_anthony.jpg 
0715960176_new.jpg -> hiponia_dennis.jpg 
0637665135.JPG -> abenasa_vanette_gleann.JPG 
0636530795.JPG -> inihao_lenie.JPG 
0635642121_new.jpg -> de_la_cerna_may.jpg 
0635029346_new.jpeg -> alcayde_glady.jpeg 
0635029346.JPG -> alcayde_glady.JPG 
0634570650.JPG -> princesa_joan.JPG 
0633339009.JPG -> bejasa_irene.JPG 
0633255387.JPG -> aneñon_john_bert.JPG 
0632600564.JPG -> pitogo_ryan_james.JPG 
0632195752_new.JPG -> castro_mark_anthony.JPG 
0630415939.JPG -> camingao_junny.JPG 
0629931916.JPG -> untal_mary_ronna.JPG 
0629707302.JPG -> aniñon_felix.JPG 
0628684138.JPG -> tampil_mildred.JPG 
0628624774_new.jpg -> abad_ritchel_ann.jpg 
0627858907.JPG -> herra_giffy.JPG 
0627092488.JPG -> yu_al_christian_lawrence.JPG 
0627081648.JPG -> candido_rebecca.JPG 
0626923846.JPG -> rosell_launil.JPG 
0626753922.JPG -> banzon_eric.JPG 
0626732846_new.jpg -> tangub_mira_fe.jpg 
0625666036.JPG -> indab_maylui.JPG 
0623117370_new.jpg -> davin_tetchie.jpg 
0619061168.JPG -> guevarra_maria_fedeliz.JPG 
0618972070.jpeg -> lubino_sonny.jpeg 
0617508694.JPG -> sotto_nicodemos.JPG 
0513759576.jpg -> monsalve_maredy.jpg 
0513454088.jpg -> julianda_bryan.jpg 
0512107093_new.jpg -> caballero_bryan.jpg 
0511564682.jpg -> candia_rosetanette.jpg 
0510036124.jpg -> carbungco_harold_robin.jpg 
0508998245_new.jpg -> talde_jr._roberto.jpg 
0508462409.jpg -> bimeda_wendy.jpg 
0507671327.jpg -> cortezano_mark_edison.jpg 
0507383589.jpg -> ogena_crisabel.jpg 
0506631928.JPG -> loreno_michael.JPG 
0505388214_new.jpg -> cuebillas_christine.jpg 
0504800489.jpg -> de_la_cruz_bryan.jpg 
048422439.JPG -> de_lara_april_joy.JPG 
0434777462.JPG -> balbarosa_sheryll.JPG 
0433590077.JPG -> banasihan_ruel.JPG 
0428912657.JPG -> ramos_frences_ann.JPG 
0428852911.jpg -> panopio_hazielle_may.jpg 
0428386788_new.jpg -> perez_garry.jpg 
0428181776_new.jpg -> cereno_roanne_ceres.jpg 
0428083175.JPG -> arriola_ces.JPG 
0426238362.jpg -> macalindong_mark_john_paul.jpg 
0425889042.JPG -> carluen_jacky.JPG 
0424957852.jpg -> rey_dinnah_marie_daine.jpg 
0423936560.jpg -> pili_jonna.jpg 
0423695199.jpg -> pellosis_ma._angela_clarissa.jpg 
0422090384_new.jpg -> amonelo_kemuel.jpg 
0420654748_new.jpg -> lumidao_aiko.jpg 
0419434283.jpg -> tolentino_christian.jpg 
0419146270_new.JPG -> bonifacio_charlotte_jennifer.JPG 
0417627102.JPG -> rivero_apriljoy.JPG 
0415688208.jpg -> cuenca_agnes.jpg 
0413655408_new.jpg -> amponin_rosemarie.jpg 
0410724387_new.jpg -> babiera_maria_teresa.jpg 
0405934182_new.jpg -> labitigan_caytana.jpg 
0398707840.JPG -> arrazola_rafaela.JPG 
0387103345.JPG -> maniago_myrna.JPG 
0384063459.JPG -> guieb_luisa.JPG 
0381500326.JPG -> mendoza_wilma.JPG 
0371739592.JPG -> sampang_estelita.JPG 
0365597216.JPG -> royo_lolita.JPG 
0240256135_new.png -> cortez_lyka.png 
0239897518.jpg -> nerona_jevilyn.jpg 
0238680043.png -> castro_cris_dammiel.png 
0238508594_new.jpg -> mallari_charlene_gail.jpg 
0238469170.png -> manongsong_katherine_joy.png 
0237120258_new.jpg -> agustin_reynalyn.jpg 
0236681510.jpg -> sudaria_jeric.jpg 
0236581403.jpg -> musni_roselyn.jpg 
0236422258_new.jpg -> mendiola_angelyn.jpg 
0236351769.jpg -> payumo_lee_anjhony.jpg 
0235924676.jpg -> tapang_dalia.jpg 
0235780250.jpg -> sison_michael.jpg 
0235662925.JPG -> barcancel_rubylyn.JPG 
0234738041.jpg -> pineda_ferlita.jpg 
0234518287.jpg -> sigua_ma._hazeline.jpg 
0234104400.jpg -> bangis_robin.jpg 
0233995209.jpg -> santos_paul_genry.jpg 
0233634502_new.jpg -> tolentino_jennifer.jpg 
0230042391.jpg -> antonio_ayencee.jpg 
0229994515_new.jpg -> reloza_ronsy.jpg 
0229620805.jpg -> dizon_jean_leah.jpg 
0229210079_new.jpg -> mendoza_archie.jpg 
0228670267.jpg -> santos_ronald.jpg 
0228396295.JPG -> mendoza_jeric.JPG 
0228104487.JPG -> razon_hazel.JPG 
0227904031.png -> kang_gelyn_kristine.png 
0227892091.jpg -> baylon_jr._danilo.jpg 
0227522206_new.jpg -> arlantico_angelica.jpg 
0227520211_new.jpg -> yu_leeriane_lae.jpg 
0227447501.JPG -> calonge_donnavi.JPG 
0227172290.jpg -> mendoza_milanie.jpg 
0226679309_new.jpg -> gozun_cindy.jpg 
0226679309.bmp -> gozun_cindy.bmp 
0226315773_new.png -> medina_darryl.png 
0226315773.jpg -> medina_darryl.jpg 
0224759386.jpg -> tila_gina.jpg 
0222615891_new.jpg -> metro_lorraine.jpg 
0222596350.jpg -> montemayor_marivic.jpg 
0221156076.JPG -> camilo_norman.JPG 
0219473949_new.jpg -> paras_jayson.jpg 
0219298580.jpg -> de_leon_ma._lourdes.jpg 
0219075143.jpg -> dela_cruz_maria_aurora.jpg 
0215114024.JPG -> salvador_jocelyn.JPG 
0204534608.jpg -> de_guzman_jr._alberto.jpg 
0168807050.jpg -> lopez_charazzee.jpg 
0168624181.jpg -> lopez_rosalie.jpg 
0162369099.jpg -> tan_roselle.jpg 
0161117019.JPG -> militante_juliet.JPG 
0158485068.jpg -> balagot_jr._isabelito.jpg 
0152252776.jpg -> pleños_anthony.jpg 
0147007075.JPG -> perea_angelica.JPG 
0140039422.jpg -> abuel_anjaenette.jpg 
0137690586_new.jpg -> abawag_junelynn_avril.jpg 
0125164559.jpg -> rivera_lourence_jay.jpg 
0120361580_new.jpg -> balazon_journel.jpg 
0118472481_new.jpg -> lucena_katrina.jpg 
0116068949.JPG -> arquero_vanessa_anne.JPG 
0113855977.JPG -> berdin_jason.JPG 
0108172610.JPG -> garlejo_glenn.JPG 
0104225887.JPG -> alforque_milbie_mae.JPG 
0102620293_new.jpg -> cuizon_ailyn.jpg 
0101147129.jpeg -> araya_roland.jpeg 
