Voltaire Arturo III Rusiana_GW(Ops).JPG -> rusiana_voltaire_arturo_iii.JPG 
Twila Joy Basas_GW(R&D).jpg -> basas_twila_joy.jpg 
Suzanne Cruz_GW(R&D).JPG -> cruz_suzanne.JPG 
Stephanie Joyce Dira_GW(R&D).JPG -> dira_stephanie_joyce.JPG 
Steffi Giron_GW(RS).png -> giron_steffi.png 
Sharon Parado_GW(HR).JPG -> parado_sharon.JPG 
Ryan Golez_GW(HR).jpg -> golez_ryan.jpg 
Rowena Guce_GW(FranchisingI).JPG -> guce_rowena.JPG 
Rowell Angelo Santos_GW(Ops).JPG -> santos_rowell_angelo.JPG 
Rona Marie Ordaniel_GW(RS).JPG -> ordaniel_rona_marie.JPG 
Roel Lorenzo_GW(Ops).jpeg -> lorenzo_roel.jpeg 
Rizza Castro_GW(Ops).JPG -> castro_rizza.JPG 
Riza Masupil_GW(Franchasing)..jpg -> masupil_riza.jpg 
Reynan_Poblete_GW(Ops).jpg -> poblete_reynan.jpg 
Reinier Alviz_GW(HR).png -> alviz_reinier.png 
Regina Uy_GW(Ops).JPG -> uy_regina.JPG 
Randy Sinag_GW(Ops).png -> sinag_randy.png 
Ramil Reyes_GW(NBC).jpg -> reyes_ramil.jpg 
Quincy Rome Vallesteros_GW(Ops).JPG -> vallesteros_quincy_rome.JPG 
Pamela Reyes_GW(MKTG).jpg -> reyes_pamela.jpg 
Orlando Obmasca_GW(Ops).JPG -> obmasca_orlando.JPG 
Nancy Banglos_GW(Ops).JPG -> banglos_nancy.JPG 
Michelle Mariano_GW(Ops).png -> mariano_michelle.png 
Michelle Abang_GW(Ops).jpg -> abang_michelle.jpg 
Michael Estrada_GW(Mktg).png -> estrada_michael.png 
Michael Corpuz_GW(HR).jpg -> corpuz_michael.jpg 
Mary Jane Chen_GW(Marketing).jpg -> chen_mary_jane.jpg 
Mary Ann Ferrer_GW(Mktg).JPG -> ferrer_mary_ann.JPG 
Maricris Maldonado_GW(Ops).jpg -> maldonado_maricris.jpg 
Maricel Moreno_GW(Ops).jpg -> moreno_maricel.jpg 
Marian Katrina Babao_GW(HR).jpg -> babao_marian_katrina.jpg 
Maria Rossan Romano_GW(Finance).png -> romano_maria_rossan.png 
Maria Rocio Sunglao_GW(Finance).JPG -> sunglao_maria_rocio.JPG 
Maria Christina Ballatan_GW(R&D).JPG -> ballatan_maria_christina.JPG 
Maria Cecilia Menguito_GW(Ops).JPG -> menguito_maria_cecilia.JPG 
Maria Abigail Torres_GW(Mktg).JPG -> torres_maria_abigail.JPG 
Maggie Leah Valle_GW(R&D).jpg -> valle_maggie_leah.jpg 
Mae Anne Villanueva_GW(HR).JPG -> villanueva_mae_anne.JPG 
Ma. Zendeline Mabagos_GW(HR).JPG -> mabagos_ma._zendeline.JPG 
Ma. Teresa Basa_GW(NBC).JPG -> basa_ma._teresa.JPG 
Ma. Rosario Estrellita Gonzales_GW(R&D).JPG -> gonzales_ma._rosario_estrellita.JPG 
Leonardo Cruz, Jr._GW(ManCom).jpg -> cruz,_jr._leonardo.jpg 
Leni Cordero_GW(Ops).jpg -> cordero_leni.jpg 
Kristino Tieng_GW(Ops).JPG -> tieng_kristino.JPG 
Kristina Margarita Viray_GW(Mktg).jpg -> viray_kristina_margarita.jpg 
Kim Santos_GW(RS).JPG -> santos_kim.JPG 
Katrina Mae Procopio_GW(RS).JPG -> procopio_katrina_mae.JPG 
Kathryna Erika Caigoy_GW(Finance).JPG -> caigoy_kathryna_erika.JPG 
Katherine Berango_GW(Ops).JPG -> berango_katherine.JPG 
Kasia Peya Batu_GW(Marketing).jpg -> batu_kasia_peya.jpg 
Karla Cecilia De Juan_GW(Mktg).JPG -> de_juan_karla_cecilia.JPG 
Julienne Marie Aleli Villanueva_GW(R&D).png -> villanueva_julienne_marie_aleli.png 
Joy Marianne Manlapaz_GW(Ops).JPG -> manlapaz_joy_marianne.JPG 
Joseph Michael Castro_GW(Head).JPG -> castro_joseph_michael.JPG 
Joseph Michael Castro_GW(Head) updated.png -> castro_joseph_michael.png 
Jose Ariel Sanchez_GW(FIN).JPG -> sanchez_jose_ariel.JPG 
Jonneth Correa_GW(R&D).JPG -> correa_jonneth.JPG 
Joniffer Taraya_GW(Ops).jpg -> taraya_joniffer.jpg 
Jonathan Pidlaoan_GW(Ops).JPG -> pidlaoan_jonathan.JPG 
John Michael Salonga_GW(OPS).JPG -> salonga_john_michael.JPG 
Jocelyn Apostol_GW(Ops).JPG -> apostol_jocelyn.JPG 
Joann Mesina_GW(Ops).JPG -> mesina_joann.JPG 
Joann Atienza_GW(Finance).JPG -> atienza_joann.JPG 
Jhoanna Anzorandia_GW(Ops).jpg -> anzorandia_jhoanna.jpg 
Jessa Dela Cruz_GW(Ops).JPG -> dela_cruz_jessa.JPG 
Jan Michael Serva_GW(Marketing).png -> serva_jan_michael.png 
Jake Dones_GW(Ops).jpg -> dones_jake.jpg 
Irene Estanislao_GW(Finance).JPG -> estanislao_irene.JPG 
Imelda Collado_GW(Ops)..jpg -> collado_imelda.jpg 
Hennie Vita Ramos_GW(MKTG).JPG -> ramos_hennie_vita.JPG 
Gladys Genalyn Cesma_GW(Ops).JPG -> cesma_gladys_genalyn.JPG 
Girlie Fuster_GW(Ops).jpg -> fuster_girlie.jpg 
Fritzie Lyn Sancho_GW(R&D).JPG -> sancho_fritzie_lyn.JPG 
Felicia Chantal Acayen_GW(HR).jpg -> acayen_felicia_chantal.jpg 
Federico Dinoy, Jr._GW(Ops).jpeg -> dinoy,_jr._federico.jpeg 
Fame Custado_GW(Ops).jpeg -> custado_fame.jpeg 
Evelyn Espiritu_GW(Ops).jpeg -> espiritu_evelyn.jpeg 
Emelita Barajas_GW(HR).JPG -> barajas_emelita.JPG 
Elenor Cortez_GW(Ops).JPG -> cortez_elenor.JPG 
Dondon Derequito_GW(Ops).jpg -> derequito_dondon.jpg 
Dominique Josine Barcelon_GW(HR).JPG -> barcelon_dominique_josine.JPG 
Dennis Dimaculangan_GW(Ops).JPG -> dimaculangan_dennis.JPG 
Czarina Amy Del Puerto_GW(R&D).JPG -> del_puerto_czarina_amy.JPG 
Corinna Michelle Gimenez_GW(Marketing).jpg -> gimenez_corinna_michelle.jpg 
Christine Jabay_GW(Ops).jpg -> jabay_christine.jpg 
Christian Grederik Manuba_GW(Financing).JPG -> manuba_christian_grederik.JPG 
Charito Obmasca_GW(Ops).JPG -> obmasca_charito.JPG 
Cathy Mae Rolle_GW(Mktg).JPG -> rolle_cathy_mae.JPG 
Carlvin Jorge Altamirano_GW(RS).png -> altamirano_carlvin_jorge.png 
Arsenio Cacayan, Jr._GW(Ops).JPG -> cacayan,_jr._arsenio.JPG 
Arlene Franco_GW(Ops).JPG -> franco_arlene.JPG 
Arleen Salonga_GW(NBC).JPG -> salonga_arleen.JPG 
April Diane Adduru_GW(NBC).jpg -> adduru_april_diane.jpg 
Anthony Angeles_GW(Ops).JPG -> angeles_anthony.JPG 
Annabelle Cruz_GW(Ops).jpg -> cruz_annabelle.jpg 
Anna Mae Estores_GW(Ops).jpg -> estores_anna_mae.jpg 
Alvin Melchor Tolentino, Jr._GW(NBC).JPG -> tolentino,_jr._alvin_melchor.JPG 
Alfonso Felipe De Guzman_GW(NBC).jpg -> de_guzman_alfonso_felipe.jpg 
Alexander San Gabriel_GW(Ops).jpg -> san_gabriel_alexander.jpg 
Alexander Avena_GW(Mktg).jpg -> avena_alexander.jpg 
Abigail Bularin_GW(R&D).JPG -> bularin_abigail.JPG 
Abe Magno_GW(Ops).JPG -> magno_abe.JPG 
